,Cluster,Count,User
0,0,1,RahulShenoy
1,0,1,BrianGriffiths
2,0,1,eastflDoc
3,0,1,HerschelVB
4,0,1,soyunkitkat_11
5,0,1,sixfoot6
6,0,1,Carb0nF00tprint
7,0,1,transfiguredemi
8,0,1,Cater2Liz
9,0,1,guyjazzy125
10,0,1,3murmur
11,0,1,GroovyChick_76
12,0,1,johnbrougher
13,0,1,MeabedNagwa
14,0,1,jeffkreisler
15,0,1,Mi5terMe
16,0,1,KimCayerRoy
17,0,1,depan_
18,0,1,chriswijn
19,0,1,peterpans_sis
20,0,1,tmzanthony
21,0,1,psicotichuy
22,0,1,MattSearles
23,0,1,Insomnia_Blows
24,0,1,RestrictedSxn
25,0,1,nick_uroseva
26,0,1,BBfan1005
27,0,1,AnassaMemmo
28,0,1,TulaGo
29,0,1,artigaTV
30,0,1,ThePettyLatina
31,0,1,HiYella01
32,0,1,RaucousDivinity
33,0,1,ezvelazquez
34,0,1,HistoryDTrump
35,0,1,relientkenny
36,0,1,Rosagrazz
37,0,1,TaylorComedy
38,0,1,fontosaurus
39,0,1,ReporteYa
40,0,1,ThoughtsByMike
41,0,1,txxresinaa
42,0,1,michaeltmcnutt
43,0,1,bc54_52
44,0,1,WilsonCleveland
45,0,1,KamarziTillery
46,0,1,petal_clover
47,0,1,victoriajakes
48,0,1,AuthorBDedrick
49,0,1,chicaluna916
50,0,1,rebelatl2000
51,0,1,ZiggsZiggy
52,0,1,AlexTalcott
53,0,1,ajp9009
54,0,1,BDrakeFlame
55,0,1,trishdercole
56,0,1,ecclesia2020
57,0,1,Montero678
58,0,1,vivoplaynet
59,0,1,jcm209
60,0,1,serena_danna
61,0,1,TravRuiz
62,0,1,MaryWallace_PT
63,0,1,ladydeann
64,0,1,cryer_katherine
65,0,1,LatinPop
66,0,1,VelvetVeil
67,0,1,GSNEWSWIRE
68,0,1,goodearl
69,0,1,HamiltonTg3
70,0,1,sharibewry
71,0,1,chaos_goose
72,0,1,TonyMaglio
73,0,1,DSMac27
74,0,1,The_Only_Zac
75,0,1,youarenlove
76,0,1,DCXn24Fan
77,0,1,mamavisions
78,0,1,HOLLYJBIRD
79,0,1,BKVeloGirl
80,0,1,sampark42
81,0,1,carlzday
82,0,1,theshortspin
83,0,1,KastroDaOne
84,0,1,FlatFrontChinos
85,0,1,BigBraden99
86,0,1,UnkleRuthless
87,0,1,sh0rtchica
88,0,1,chelseaharfoush
89,0,1,altbritannia
90,0,1,_yentruoc_
91,0,1,demexit
92,0,1,SeaOfmanny
93,0,1,madisonjobsx
94,0,1,DaronCDavis
95,0,1,lukeslionking
96,0,1,elkbowhunter
97,0,1,Elle_Drews
98,0,1,harryhappinxss
99,0,1,veronicabotez
100,0,1,HyltonRob
101,0,1,mark_isms
102,0,1,selinamb
103,0,1,MattTheMedic
104,0,1,bohemianriveira
105,0,1,sdrahota
106,0,1,andrewiliadis
107,0,1,hillarytoprison
108,0,1,notusingthismuc
109,0,1,monkkeyboy__
110,0,1,santi_klaus
111,0,1,shittheldam
112,0,1,AAlmightyAlyssa
113,0,1,BeckBlankenship
114,0,1,R3licX
115,0,1,SaysMissy
116,0,1,Tzynya
117,0,1,JamesDalgarno_
118,0,1,HeyRiotGirl
119,0,1,A_lilPrincess
120,0,1,Nicerjeff
121,0,1,shelley073193
122,0,1,Tep_41
123,0,1,WaltThomson
124,0,1,CEODavidH
125,0,1,uagent
126,0,1,nickybperry
127,0,1,timrich786
128,0,1,megbutton
129,0,1,LisasLexicon
130,0,1,carolinehnsl
131,0,1,RuudHouweling
132,0,1,MohamedThePig
133,0,1,WrightZ3bmw
134,0,1,MyKidsHavePaws
135,0,1,GMunoz1996
136,0,1,tnvinorays
137,0,1,farrmatt
138,0,1,hyyhlive
139,0,1,MarkLsWorld
140,0,1,KissBettyInc
141,0,1,KFOXREVOLUTIONS
142,0,1,DonnaYoungDC
143,0,1,Barbara102006
144,0,1,ayehugo
145,0,1,gaga20219gs
146,0,1,charlotean
147,0,1,365MusicProject
148,0,1,Dung_Detector
149,0,1,_Naeyonce
150,0,1,DesiBoilermaker
151,0,1,CamMecher
152,0,1,fineasskarai
153,0,1,LivHeat
154,0,1,mabdulbasit393
155,0,1,kailamustdie
156,0,1,pete0721
157,0,1,gowriabhaya
158,0,1,_hq
159,0,1,paniq
160,0,1,alexvogel14
161,0,1,TRKMJ
162,0,1,JoannHBuchanan
163,0,1,GenKittVonKnox
164,0,1,1m1wIsMarriage
165,0,1,PunkRockKarl
166,0,1,AlwaysON_YAMind
167,0,1,deepdimlpes
168,0,1,aurorawalker72
169,0,1,lmariegregory
170,0,1,ladydee72
171,0,1,leemikyu_
172,0,1,ellisriojas
173,0,1,AllisonQuient
174,0,1,Kammy_G
175,0,1,chelsea_davison
176,0,1,Antagoniste_net
177,0,1,ABlockAtATime
178,0,1,Serial_Tragedy
179,0,1,Theresa_Gabi
180,0,1,antoniovoorhees
181,0,1,BernieOrBust2
182,0,1,M7MDWorld
183,0,1,nickshane1985
184,0,1,Underdawg58
185,0,1,emiliearies
186,0,1,TonyaMezrich
187,0,1,Somemyrrh
188,0,1,HarryFromBkyln
189,0,1,OppressedFart
190,0,1,nappymon
191,0,1,Bigmuhfuckin
192,0,1,treyprather
193,0,1,ltelesreal
194,0,1,SkyBill40
195,0,1,uluv2nvme
196,0,1,TheTrumpBlogger
197,0,1,taylorivers
198,0,1,pippy41663
199,0,1,Angie_NO_Jolie
200,0,1,all4allNuel
201,0,1,AaronImholte
202,0,1,wmcnesan
203,0,1,RogueMusea
204,0,1,JusticeWarior98
205,0,1,briasoboojie
206,0,1,gxldenqveen_
207,0,1,MrSciFly
208,0,1,iam_shakiraa
209,0,1,JABUSA54
210,0,1,daycoppens
211,0,1,CeRodg
212,0,1,ali_waller8
213,0,1,EdHajdukjr
214,0,1,aciIegna
215,0,1,SharpenedPixel
216,0,1,badassnani1
217,0,1,deerisms
218,0,1,oskyefall
219,0,1,mrtom28
220,0,1,evakoobee
221,0,1,benjean2
222,0,1,Gartengrl1
223,0,1,baileyfahlala
224,0,1,ealampley
225,0,1,MichaelMTZZ
226,0,1,benzjtweets
227,0,1,Meme_of_Matt
228,0,1,wtffelizabeth
229,0,1,askbillmitchell
230,0,1,DaisyBWendy
231,0,1,0hs0muchs0ul
232,0,1,canagel007
233,0,1,theguymo
234,0,1,MarkWitkowski10
235,0,1,suspendMyAcct
236,0,1,yhpworld
237,0,1,maxcpad24
238,0,1,COWBELLMAN203
239,0,1,tendrmercies140
240,0,1,r_nixie
241,0,1,CurvyCoutureAsh
242,0,1,truckaroon
243,0,1,alltheangels_
244,0,1,nomoreliesxx
245,0,1,SAUSAGEBIZCUIT
246,0,1,jossdean
247,0,1,LisaMarieWilli1
248,0,1,ktzhu
249,0,1,ann_destiny1
250,0,1,NoahPasternak
251,0,1,wesgay
252,0,1,YamBSweet
253,0,1,almitalares
254,0,1,bugsact
255,0,1,janeth_j21
256,0,1,graisinbrand
257,0,1,SarahBurris
258,0,1,MCayo_
259,0,1,Conscious
260,0,1,Vonn1019
261,0,1,Smoothin_Barz
262,0,1,serenitysivans
263,0,1,Yo10thletter
264,0,1,MichaelMyers_1
265,0,1,MimiC1019
266,0,1,ErnestotheThird
267,0,1,kiaranjones
268,0,1,HipsterYogi
269,0,1,MatahariDevi
270,0,1,SunshineTheGian
271,0,1,Bryan4eva717
272,0,1,The_Paul08
273,0,1,2Pats2
274,0,1,PieceDigital
275,0,1,QuarterNote_
276,0,1,HePerry25
277,0,1,Neconilis
278,0,1,TwillaAmin
279,0,1,franciscojgirao
280,0,1,kittykatdfinns
281,0,1,adityamurali11
282,0,1,realityisbest
283,0,1,UncleCattu
284,0,1,heybabyfox
285,0,1,tatn
286,0,1,MoneLoky
287,0,1,Journeyman15
288,0,1,gabrielkkim
289,0,1,msw4vt
290,0,1,B5J3H7
291,0,1,ryanPRprince
292,0,1,IT_wasten
293,0,1,AverageMerica
294,0,1,lionelthomasjr
295,0,1,MichelleMumford
296,0,1,marvc88
297,0,1,Maeve_17
298,0,1,KenanKitchen
299,0,1,mimyHyperQuenn
300,0,1,Claterballin18
301,0,1,Communism_Kills
302,0,1,longlegzK
303,0,1,ChadMSotebeer
304,0,1,Mrknowitalll_
305,0,1,BeeHunnee
306,0,1,BarbaraANixon
307,0,1,Tom_Skoch
308,0,1,CidHall
309,0,1,khalilkavon
310,0,1,PriscilRodrig
311,0,1,cat_thealien
312,0,1,towannajohn46
313,0,1,365REBEL365
314,0,1,GZafi
315,0,1,CynBarlow
316,0,1,The_DreamIsReal
317,0,1,pewjournalism
318,0,1,AllisonGrey
319,0,1,E_Joyce
320,0,1,MJandHIM
321,0,1,h1ddenpotential
322,0,1,Truthconqueror
323,0,1,AlexKMcFadden
324,0,1,alex_ruizzzz
325,0,1,GreenDoorGrocer
326,0,1,Tian_El
327,0,1,paraquieta
328,0,1,snippytrout
329,0,1,PerrWill61
330,0,1,mendelsonic
331,0,1,JoAnn86289253
332,0,1,herrlk
333,0,1,Wramos_
334,0,1,Krissmac14
335,0,1,zbyte64
336,0,1,thebestofbelle
337,0,1,Devprakash999
338,0,1,NanamisEgg
339,0,1,VEllisWade
340,0,1,missaeldavila
341,0,1,graceLpezzella
342,0,1,ZodiacKodiak
343,0,1,LeslieWilliamsz
344,0,1,dylan_legrand6
345,0,1,VictoriaShrinks
346,0,1,crishm
347,0,1,MsHolyWater
348,0,1,jamesderryl
349,0,1,Mac_LungTxp99
350,0,1,robinbenty
351,0,1,MarcoTomasiello
352,0,1,leedela
353,0,1,rigoherdez
354,0,1,_OnyxGoddess
355,0,1,greatlakes84
356,0,1,scotthiney
357,0,1,PamSmithCO
358,0,1,SimplyyMee_Twin
359,0,1,Bobthemagicpie
360,0,1,JulieBorowski
361,0,1,804Scoe
362,0,1,loudimaggio
363,0,1,politicalnut27
364,0,1,marcslove
365,0,1,loumonaco
366,0,1,Vyan1
367,0,1,faseidl
368,0,1,ispeaksnark
369,0,1,Macnessie
370,0,1,D_Jax78
371,1,1,boatardji
372,1,1,alibxll
373,1,1,AllisonAnntayl1
374,1,1,gregmwells
375,1,1,macilynng
376,1,1,tsteinc
377,1,1,oklisafinn
378,1,1,ITFCKING_GIANNA
379,1,1,MonkeyMoon93
380,1,1,willsynowiecki
381,1,1,NouveauArtPunk
382,1,1,vitorgaliciolli
383,1,1,ashleydiedrich
384,1,1,AlexandraM_E
385,1,1,Ingenieux
386,1,1,spencerjulian24
387,1,1,KidBuu__
388,1,1,shanmcc19
389,1,1,wkellyduck
390,1,1,sonowgoodbye
391,1,1,VlOLETKORDEI
392,1,1,posemani
393,1,1,Doeler22
394,1,1,NPangares
395,1,1,octavenduh
396,1,1,drpirie1976
397,1,1,Crazy_Horse333
398,1,1,Molly_oneel
399,1,1,_juliawolfff
400,1,1,sabrinas1975
401,1,1,FuriSopha
402,1,1,toribaker_11
403,1,1,lloyddabbler
404,1,1,_nick_distefano
405,1,1,Ahlun2000
406,1,1,RavenAdmiral
407,1,1,IleahM
408,1,1,franktradesx
409,1,1,amandaahutchh
410,1,1,stuartdedmonds
411,1,1,val8952
412,1,1,Linzie_Fleming
413,1,1,TimbaKity
414,1,1,FmrMTLr
415,1,1,justin_pedone55
416,1,1,Claire_mulhall1
417,1,1,AnnemarieWeers
418,1,1,debnamslaur
419,1,1,ashley_whatt
420,1,1,amburjames
421,1,1,LifeofKiaChanel
422,1,1,allisonnndecker
423,1,1,SergioGorno
424,1,1,drivinhalsey
425,1,1,ojtandazo
426,1,1,s_kell3y
427,1,1,melanies1314
428,1,1,Thatkidsophie
429,1,1,BenMelanin
430,1,1,needsuthemost
431,1,1,leximarcella
432,1,1,KTyndall24
433,1,1,Jcogginsa
434,1,1,emilysmithhhhhh
435,1,1,glowinbih
436,1,1,connorge_
437,1,1,eRa_Obliq
438,1,1,LinksOcarina
439,1,1,JTFlans
440,1,1,Two_Cams25
441,1,1,Shadykayyy
442,1,1,tacticalsage
443,1,1,DJ_COTRONA
444,1,1,lastrong_lee
445,1,1,amanddarenee
446,1,1,kynsielane
447,1,1,rewdancer628
448,1,1,emmasophia21
449,1,1,Jade_Aguilar20
450,1,1,8B09C1
451,1,1,splendidlyawful
452,1,1,jenafofenna
453,1,1,PremiumCaruso
454,1,1,_josephdaniels
455,1,1,kalimilazzo
456,1,1,AmerPride777
457,1,1,Megben86
458,1,1,andyneumeyer
459,1,1,TheOtherGuy15
460,1,1,wattsupnow
461,1,1,hoIystin
462,1,1,jordanwood5843
463,1,1,tbwilliams0928
464,1,1,HessonBryce
465,1,1,caitlynrosen
466,1,1,wtvrtylah
467,1,1,clairedyy_cat
468,1,1,audreywuvu
469,1,1,RodrigoFurtado
470,1,1,ParaSiempre_LA
471,1,1,SarahLaudenbach
472,1,1,xo_FridaNey
473,1,1,alexx_0826
474,1,1,NickEarlActor
475,1,1,SusieLukas
476,1,1,sjkane
477,1,1,julegaitley
478,1,1,radregui
479,1,1,taylrturnbow
480,1,1,honeymoonbey
481,1,1,maerst8
482,1,1,kayythomp
483,1,1,undoknt
484,1,1,Jojuana_
485,1,1,TheRealBobosto
486,1,1,HunterHinson6
487,1,1,CreedMMA
488,1,1,AnthonyLicci
489,1,1,Madi_wolf
490,1,1,_mitchell_blake
491,1,1,ShonaKeir
492,1,1,pparisnymph
493,1,1,jihanscI
494,1,1,latinlovervic
495,1,1,CoyleTx
496,1,1,bellavida1948
497,1,1,chelyons
498,1,1,YvonnaMcg
499,1,1,endless_run
500,1,1,frixdays
501,1,1,adamwiles
502,1,1,frenspls
503,1,1,MadisonEdmunds
504,1,1,Bookhammer
505,1,1,NOWAYTOSAVE
506,1,1,tysoneyre
507,1,1,mishstieI
508,1,1,katiejsheridan
509,1,1,Oil_Ranger
510,1,1,Francesca1228
511,1,1,smellspineapple
512,1,1,holdon_2it
513,1,1,pugs4prez
514,1,1,andrew2414
515,1,1,the_other_kimk
516,2,1,BowTieTuesdays
517,2,1,Fortress1776
518,2,1,arizonaonmymind
519,2,1,karatewolfpunk
520,2,1,mommac1g5b
521,2,1,MRNickHagood
522,2,1,KennethLCurryJr
523,2,1,Dramatic_mc
524,2,1,scorpfaery
525,2,1,Johnny5024
526,2,1,cohenstudios
527,2,1,StagedOnPurpose
528,2,1,GravityisRising
529,2,1,Michkpop16
530,2,1,Drecka940
531,2,1,Kendo_Slice_
532,2,1,DarciMonet
533,2,1,BrittStep0506
534,2,1,lizunga
535,2,1,VideosHere
536,2,1,lollicakesFL
537,2,1,twat_glitter
538,2,1,SpazzyFemFghtr
539,2,1,mhshanahan
540,2,1,Jacukina
541,2,1,JackDrees
542,2,1,aaolomi
543,2,1,IMBinc
544,2,1,therealkylesell
545,2,1,ChrisCaldwellJr
546,2,1,Tosyneno
547,2,1,danibostick
548,2,1,LoueeLouis
549,2,1,PaPa_AFriCa
550,2,1,kingley
551,2,1,pattyforsythe
552,2,1,chooselovetoday
553,2,1,TrueBlueMeanie
554,2,1,amymako
555,2,1,ChristieThought
556,2,1,FolioMel
557,2,1,xotmid
558,2,1,jfull1914
559,2,1,MollyBinion
560,2,1,El_Kabulenio
561,2,1,ChrisCopeComedy
562,2,1,_IAmLorelie_
563,2,1,steve_deturck
564,2,1,ZJay_Justin
565,2,1,dbaaryj
566,2,1,bonesflint
567,2,1,scag89
568,2,1,MzDivah67
569,2,1,UniteAlbertans
570,2,1,avalanch_brkdwn
571,2,1,SHENSATIONAL
572,2,1,MaryL1964
573,2,1,SheTweeting
574,2,1,JuanpaQuijano
575,2,1,RyanLafferty
576,2,1,Slave2Machine
577,2,1,mzienkie
578,2,1,bjhenderson3
579,2,1,silentjjfresh
580,2,1,ToddHagopian
581,2,1,meet_the_beast
582,2,1,Shane106320
583,2,1,ValRaeRoXXX
584,2,1,bmmkaos
585,3,1,Trust_In_2122
586,3,3,headlinesWIKI
587,3,1,AppalachiJane
588,3,1,notcameronleo
589,3,1,carmean
590,3,1,domferrara5
591,3,1,ChienCbienchien
592,3,1,kevxcal
593,3,1,yasmine_laa
594,3,1,lynoralargent
595,3,1,YoungKenyetta
596,3,1,siriusly_smooth
597,3,1,Nukem_Nick
598,3,1,caishakalianah
599,3,1,MarthaAlCortez
600,3,1,coldgrimness
601,3,1,Zelda23Pinwheel
602,3,1,madaboutBBC
603,3,1,charlieyj12
604,3,1,Miki_Matteson
605,3,1,WierRyan
606,3,1,FearGod100
607,3,1,mjcarrasquillo
608,3,1,Eagna
609,3,1,Noetical
610,3,1,SMObserved
611,3,1,daddyd50
612,3,1,MarkRobak
613,3,1,srlovegrove
614,3,1,Peady
615,3,1,nedcracker
616,3,1,tomeako
617,3,1,JEkiawoin
618,3,1,SreyoD
619,3,1,AFMom
620,3,1,OEzeonyim
621,3,1,FThroated
622,3,1,EmberJ
623,3,1,Imprezin
624,3,1,3Wlaser
625,3,1,MoodiJudi99
626,3,1,wen1am64
627,3,1,TheRealTrump16
628,3,1,dragdolans
629,3,1,clthokie90
630,3,1,Crenshaw62
631,3,1,newssnp
632,3,1,realDonaldTranp
633,3,1,AnushaysPoint
634,3,1,RealCallahan
635,3,1,MikeBillings222
636,3,1,PressNPlayDJ
637,3,1,PinkPolitical
638,3,1,eightzero
639,3,1,HLemchi
640,3,1,Grouchosauras
641,3,1,dcas91
642,3,1,SpelldLikeDevon
643,3,1,nwwong
644,3,1,reneebeau
645,3,1,imaniladson
646,3,1,AGoodAche
647,3,1,BandiVan
648,3,1,JessVercetti_
649,3,1,jordan_salvage
650,3,1,jmay06
651,3,1,al_sherrill
652,3,1,NorbertVela
653,3,1,perr_dogg
654,3,1,AramendaPerry
655,3,1,anyssajustice_
656,3,1,LosTiemposBol
657,3,1,juhseakuh
658,3,1,tremendouslybig
659,3,1,TheRealVisions
660,3,1,fernanmontiel
661,3,1,csancheznieto
662,3,1,nancyprdiva
663,3,1,JODROM
664,3,1,The__Dunadan
665,3,1,DeplorableSwede
666,3,1,dPixVitamiN
667,3,1,ForeverKat
668,3,1,_S_H_A_R_I
669,3,1,judyschear
670,3,1,nbsloan
671,3,1,FairtradeMarkUS
672,3,1,asdfghjklauryn
673,3,1,Crutnacker
674,3,1,vickimoreau
675,3,1,lafemmeluna
676,3,1,SarahLStarnes
677,3,1,mostlybts
678,3,1,dannybranny
679,3,1,sierrat_xo
680,3,1,__xoLewisb
681,3,1,liv_pozzi
682,3,1,EaSportsIdeas
683,3,1,jwofford12
684,3,2,wft2016
685,3,1,AimosH
686,3,1,karenballinger
687,3,1,TiffanyGosling
688,3,1,NoahCrenshaw
689,3,1,TIngram10
690,3,1,callmehalbell
691,3,1,smkhan1210
692,3,1,hdeditor
693,3,1,julesbrindisi
694,3,1,lamika_boyd
695,3,1,fakeconsultant
696,3,1,17Swagner
697,3,1,NoticiasCaracol
698,3,1,WM0197
699,3,1,MissWhoeverUR
700,3,1,dewainecooper
701,3,1,CoolCat4America
702,3,1,ValRaeRoXXX
703,3,1,HeyRaeSeattle
704,4,1,c4dna
705,4,1,uhdznataly
706,4,1,NickDoIt
707,4,1,mufasaroar68
708,4,1,TrumpSniffle
709,4,1,dovahkaay
710,4,1,talktomooney
711,4,1,erinmfuller
712,4,1,ProfCAnderson
713,4,1,gorenlj
714,4,1,GlobalCarole
715,4,1,Debbie45381
716,4,1,asimone3983
717,4,1,mathmol1863
718,4,1,WitchUnicorn425
719,4,1,carynrweiss
720,4,1,CJFee
721,4,1,Blkphoenix856
722,4,1,TysonFromABQ
723,4,1,KaneCunico
724,4,1,michael_is_thug
725,4,1,trudygonzales
726,4,1,mildredsamano
727,4,1,noapologylife
728,4,1,BernieJapanders
729,4,1,laura_mitchler
730,4,1,tramine09
731,4,1,jackTweets11
732,4,1,kc4uai
733,4,1,joancrown
734,4,1,KelliJeanSLP
735,4,1,shcool_e
736,4,1,kowlasarmisir
737,4,1,MrCharlesPowers
738,4,1,TheBoxThatRoxx
739,4,1,lunarpita
740,4,1,Pland88
741,4,1,litboi69
742,4,1,ibm62687
743,4,1,JonWCapistrano
744,4,1,debiecrutcher
745,4,1,trendstodayapp
746,4,1,ernesty415
747,4,1,ughitsmonica
748,4,1,mmcipriani
749,4,1,kingofmestizos
750,4,1,bakerlbeulah
751,4,1,tlskight
752,5,1,islamoyankee
753,5,1,aburbeconditaX
754,5,1,melaboobarbie
755,5,1,jqbilbao
756,5,1,jennieb73
757,5,1,CarolynMcC
758,5,1,journeysincolor
759,5,1,SivCheruvu
760,5,1,michaeldutcher
761,5,1,ilIvminate
762,5,1,clg0519
763,5,1,artificialjinri
764,5,1,BretBaier
765,5,1,airbrushtattooz
766,5,1,SchubertDr
767,5,1,ironick
768,5,1,DrFunmbiE
769,5,1,dsndante
770,5,1,Brentus88
771,5,1,PatrioticHippy
772,5,1,MadAsHello
773,5,1,callingyouout44
774,5,1,emjeannette
775,5,1,DitzyDonaldT
776,5,1,0hjayhitit
777,5,1,iowademocrats
778,5,1,JGibsonDem
779,5,1,AccioTV
780,5,1,hesspace
781,5,1,xtriadx
782,5,1,kidavis504
783,5,1,Wade_Turnbull
784,5,1,TFJtheMVP
785,5,1,RealTam2020
786,5,1,AlicePoet
787,5,1,irgendwoiniowa
788,5,1,LibbysVoice
789,5,1,lex_dan_mcc
790,5,1,RDinNY
791,5,1,SecretLee_
792,5,1,970wfla
793,5,1,TheS_Squared
794,6,1,Patriot_Beaver
795,6,1,PPolley
796,6,1,Tuffer71
797,6,1,ghadabsaeed
798,6,1,guentherishere
799,6,1,DrLynnKK
800,6,1,ronaldcoyle
801,6,1,fennn
802,6,1,go4th_
803,6,1,DemonBara
804,6,1,DirtyDanE17
805,6,1,RaheelWasHere
806,6,1,MAMA_UMBRIDGE
807,6,1,billbledsoe
808,6,1,rpine5
809,6,1,Jwiti_1
810,6,1,mdalal91
811,6,1,moramonica230
812,6,1,sethwalkerUSA
813,6,1,zooomlenz
814,6,1,1HarlemHottie
815,6,1,pIaynogame
816,6,1,tdhack11
817,6,1,pinkunicorns4
818,6,1,CrankyOldLibrar
819,6,1,roseeebud
820,6,1,mocha_latte08
821,6,1,EvinJayk
822,6,1,christiansarkar
823,6,1,ObeyAvea
824,6,1,noelbaron
825,6,1,_ovimusic
826,6,1,juliazaparoli22
827,6,1,GiaSet
828,6,1,navalta46
829,6,1,GrantNSchaeffer
830,6,1,Mette_Jeong
831,6,1,conallen
832,6,1,triciev
833,6,1,migukin
834,6,1,DallasSingleMom
835,6,1,KPMC1108
836,6,1,chrisdub23
837,6,1,RobeyJuanKenobi
838,6,1,thomasbrownss
839,6,1,LuxHeartfilia
840,6,1,vohit4rohit
841,6,1,SuzanneDuCharme
842,6,1,ChaseMelvin
843,6,1,mayilrajsmm
844,6,1,jad627
845,6,1,WalthamReview
846,6,1,IamFintan
847,6,1,total411info
848,6,1,Amy_Etkind
849,6,1,howowlsattack
850,6,1,HurricaneCal
851,6,1,trendstodayapp
852,6,1,nokuvb
853,6,1,PardonHerSWAGG
854,6,1,AigbojeJ
855,6,1,thebipolarvegan
856,6,1,LouMaya
857,6,1,aluiyagnaq
858,6,1,brettvisk
859,6,1,LibertarianMite
860,6,1,ifrank98
861,6,1,1Referee1
862,6,1,ValadezAngela
863,6,1,a_ist
864,6,1,cmclymer
865,6,1,LeScriz
866,6,1,Jyldo
867,6,1,MaurMaur82
868,6,1,basementaljack
869,6,1,hijessrod
870,6,1,valsmercy
871,6,1,UndercoverDaan
872,6,1,CurtisBallard77
873,6,1,caitlinrain
874,6,1,_bonitamica
875,6,1,brucelillo
876,6,1,kitylosky
877,6,1,JamesXBase
878,6,1,MARSHALLCOMIC
879,6,1,TylerOrocu
880,6,1,hagemanj
881,6,1,Archael_M
882,6,1,1pedroguimaraes
883,6,1,rarioriji
884,6,1,siempresarita
885,6,1,lisateichmann
886,6,1,tdverstynen
887,6,1,miribella716
888,6,1,DenSeguinHorth
889,6,1,JoJo_Abdi
890,6,1,asapchu_
891,6,1,damseldanger
892,6,1,veevales
893,6,1,SwedzCubed
894,6,1,JoeRichards78
895,6,1,Winkster15
896,6,1,Lonmae
897,6,1,ShannoneJoseph
898,6,1,PragObots
899,6,1,MichGrimes
900,6,1,Simran_Surani
901,6,1,GrayHouse77
902,6,1,Cade_Stone
903,6,1,JazzminDuncan
904,6,1,nimashan
905,6,1,pamrollins_
906,6,1,jlong1974
907,6,1,CptFrenzy805
908,6,1,YaBoiBrunden_
909,6,1,REBRAEJONES
910,6,1,whattonamethis1
911,6,1,blackbear93
912,6,1,amorozone
913,6,1,andrea_bells
914,6,1,gunshotglitter
915,6,1,mell_13
916,6,1,doberhoocom
917,6,1,CancerIsNI
918,6,1,Wifiayala
919,6,1,likeacupcake
920,6,1,lauriehoyt1
921,6,1,BernieBras
922,6,1,justinwomack96
923,6,1,WooSah95
924,6,1,sjdial
925,6,1,HRaisins
926,6,1,TheSlurryBaron
927,6,1,Turks_29
928,6,1,sebasaku
929,6,1,tonykayway
930,6,1,techedgecloud
931,6,1,Seen_Better
932,6,1,vickythekatycat
933,6,1,__NMA92
934,6,1,IowaPeg
935,7,1,FitsumM
936,7,1,missgenandjuice
937,7,1,WarRabbits4002
938,7,1,takesthecake
939,7,1,dr_stan
940,7,1,OmarjSakr
941,7,1,DanielleMuscato
942,7,1,anuliwashere
943,7,1,jheath56
944,7,1,theultrahogfan
945,7,1,Scimommy
946,7,1,criannamae
947,7,1,tommylaflamme
948,7,1,taramason
949,7,1,PhilAutelitano
950,7,1,SmithGES
951,7,1,iamLynnKathleen
952,7,1,zetablu
953,7,1,QinzaK
954,7,1,JennyKorn
955,7,1,jdhmtl
956,7,1,Pappiness
957,7,1,alexialafata
958,7,1,StephScottYA
959,7,1,CogDisNoi
960,7,1,buster
961,7,1,qrbrown
962,7,1,pedroflash
963,7,1,Cairo67Unedited
964,7,1,ginaway1
965,7,1,izmesteffy
966,7,1,abbyfried
967,7,1,KillerMartinis
968,7,1,JimGordTaylor
969,7,1,Emmaloucbway
970,8,1,catycoodles
971,8,1,miabirdsong
972,8,1,EricWolfson
973,8,1,SkylerCFelix
974,8,1,juliafspa
975,8,1,MeganStilley
976,8,1,onemountainmama
977,8,1,FuRyUs_
978,8,1,BillNavari
979,9,1,Ehkoolismyname
980,9,1,missboxyfrown
981,9,1,EnvyAngie_
982,9,1,Severely_Honest
983,9,1,ShivaniPatel23
984,9,1,FeministSpag
985,9,1,fymkook
986,9,1,HeOSOSwavy
987,9,1,kjohns_
988,9,1,genah
989,9,1,somintysofly
990,9,1,mommatoy89
991,9,1,htttpflawless
992,9,1,arshuza
993,9,1,JonathanRWarner
994,9,1,AliHumdani
995,9,1,Blondiemocha
996,9,1,SirTroczinski
