,screen_name,text,tweet_id,cluster_pred
0,carolwhop,Aww hell no https://t.co/9p5uOph97O,777690228119121925,4
1,pdxpamar,I've been on key and peele since madtv days. Crazy to see their rise. Madtv doesn't get a lot of credit like it prob. should. #Emmys,777690229146693632,2
2,VinoCaPisco,"""I wouldn't wanna be those guys once Kanye finds out they beat Beyonc√©.""-@jimmykimmel üòÇ #Emmys https://t.co/lDPUmod2CA",777690227104251904,6
3,damianholbrook,Grease Live has been the whitest winner of the night. #Emmys,777690228995788800,6
4,dennisderdoedel,"Key&amp;Peele gewinnen Best Variety Sketch Series. Je √ºberraschender der Abend begann, desto erwartungsgem√§√üer ist er jetzt. #Emmys",777690229960544256,2
5,MovieGuru101,"Who would win in a fight, Heimdall idriselba, or Loki twhiddleston? #Emmys https://t.co/7XvGI2uyJy https://t.co/cfx6mZbu4v",777690230006611968,4
6,RevistaEkis,#GreaseLive gana Mejor Direcci√≥n en Programa Especial de Variedad. #Emmys,777690231822622720,6
7,ERNESTONODAL,"For their final season, KeyAndPeele win Best Variety Sketch Series https://t.co/rgZtKyVRIi #Emmys https://t.co/dDLVAnvr97",777690231252328448,4
8,TheGameOfNerds,Key &amp; Peele wins best variety series! #Emmys https://t.co/z6OiWYdlg4,777690230082113536,2
9,Mc_Cartneyfen,"Sorry, but SNL is the best, and always has been the best. :( #Emmys",777690231596130304,6
10,JamieMarieR,Yes!!!! Two innocent lives were lost. Enough of OJ Simpson already. #Emmy's https://t.co/Kmpw70xSGO,777690231680229376,4
11,beforetroye,"Winter is coming! Game of Thrones is my choice for best drama series in @CoxComm's #Emmys poll!
https://t.co/zudI9WSYUg",777690231772446720,5
12,BuzzFeedNews,"Beyonc√© is probably like, whatever I'm still Beyonc√© #Emmys https://t.co/EbSLA0cUw9",777690231478759424,6
13,ChaaarlesWeber,GAME OF THRONES OR BUST. #Emmys,777690232401592320,5
14,jameshjed,GOD ES REAL SE LLAM MART√çN WALLSTSRUOMN KSJSUDKD https://t.co/E8Dcuvc32k,777690232175099904,4
15,ChalkAndCarrots,#GreaseLive takes home the Emmy award for Directing for a Variety Special. #Emmys https://t.co/jx8iI0zpDT #tv #fil‚Ä¶ https://t.co/jfminvEImR,777690231394951168,4
16,MidwestMMaven,"Note to #Emmys #OlivervKimmel put your ego, back in it's privileged stations. #WhiteTalkHostBattle",777690232908947456,6
17,AcsaontheRocks,The Sopranos!!! https://t.co/eFZmcS25Bh,777690232607105024,4
18,AssDaine,PUSSY ON THE CHAINWAX!!!!  #Emmys,777690232745496576,6
19,paulimgonzalez,Es excelente! Aplausos para Sherlock! https://t.co/YadSFXAc6n,777690231764094976,4
20,ecartelera,"En lo que acaba la parte de variedades, ¬øos hab√©is abrigado por si viene el invierno? https://t.co/QNRHcv6zXE #Emmys https://t.co/7dX3ItXkSi",777690231843721216,2
21,SumariSaidIt,We were all thinking the same thing Jimmy #Emmys,777690233257156612,6
22,somesoggyotter,I miss Key &amp; Peele. #Emmys,777690234117099521,2
23,W1lmerSarmiento,I guess Beyonce didnt bother to show up #Emmys,777690234112933889,6
24,njhm100,More people/shows than usual that I like have won so far. Hoping this is a good sign for the #TheAmericans categories coming up! #Emmys,777690236436570112,2
25,sarahtiana,Switched over to the #Emmys in time to see Key &amp; Peele win and see @chelseaperetti in a pretty dress. ‚ù§Ô∏è,777690236352552961,2
26,Musannaaa,"KEY &amp; PEELE! One of the top three funniest series I've ever seen, deserves it completely @Atencio @JordanPeele @KeeganMKey üëè #Emmys",777690236533010433,2
27,debnamccabello,yeah https://t.co/EZIXvNIISS,777690236109393920,4
28,Poetrygrl_,Key and Peele!!!!!!!! #Emmys,777690236776177664,2
29,TomiLaffly,This is the first time in the history of Twitter that everyone agrees on something: Lemonade losing is some bullshit. #Emmys,777690236872785921,6
30,hoyCinema,#Emmys Mejor programa de variedades es para Key and Peele,777690237178875904,2
31,laguia_tv,#Emmys Mejor programa de variedades es para Key and Peele,777690237183164417,2
32,TVLine,That Key and Peele speech was... oddly tame? #Emmys,777690236302286848,2
33,JustinHires,@KeeganMKey and @JordanPeele congrats!!!! Two of the nicest and most talented people I've ever worked withüôåüèæ #Emmys,777690237749170176,2
34,marycornish4961,Jon Snow has jokes! #Emmys https://t.co/e1JjvHAryj,777690237921333248,4
35,MwapeChilo,Did anyone see Chris rocks face when he found out he didn't win üèÜ #Emmys,777690237954850816,6
36,Ana_g_07,#Emmys tbm n gostaria de ser aqle povo qndo o kanye descobrir q a queen B perdeu,777690238269423616,2
37,channingsherman,@KeyAndPeele won an Emmy. That is going out on top. #Emmys #KeyAndPeele,777690238479204352,2
38,StylistMax,When Grease Live beats #Lemonade what happened #Emmys you were doing so well! https://t.co/C8RUTJYYdo,777690237094862848,6
39,Sahra1236,Just keeps getting better @TheEmmys  #Emmys,777690238600646656,6
40,cencal1983,I voted for #MrRobot to win ‚ÄòOutstanding Drama Series‚Äô at the 2016 #Emmys. Place your vote with @OSN. https://t.co/T3PvNLaced,777690238613266432,4
41,SamanthaCycles,Kyle Chandler. Thank you #emmys.,777690240240660481,6
42,rocketslays,That UniqloUSA ad made me want to put on a fuzzy sweater. #emmys,777690239544492032,6
43,jananamirah,Grease Live won. #Emmys https://t.co/EDKLFX17SE,777690237896126464,6
44,lisa_curry,Now's a good time for Kanye to rush the stage in defense of Beyonc√©. #Emmys,777690241142435840,6
45,seanilling,Key and Peele are so damn talented. They should win everything. #Emmys,777690240521830401,2
46,mch15b,The #Emmys are bringing a wide variety of genres together and celebrating those genres through awardsüòé #ENC2135TB,777690241108938752,2
47,0hbetave,"Bey, Crissle and Tracee lost...goodnight #Emmys
 https://t.co/14aBIJWoVU",777690240999911424,4
48,marycornish4961,The 'Game of Thrones' cast looked smokin' at the #Emmys. https://t.co/F18hAaXAY2 https://t.co/sLUdLk0sNz,777690241104773121,5
49,Ashek0025,mashable : Jon Snow has jokes! #Emmys https://t.co/WHbuHj9jXd (via Twitter https://t.co/oOGsCRpqBU) #digitalmarket‚Ä¶ https://t.co/igEJOAVD9G,777690240358162432,4
50,talklatenights,BEST THING TO HAPPEN TONIGHT!!! YESSSS! KEY AND PEELE! #Emmys @KeeganMKey @JordanPeele,777690241566056448,2
51,br4ve_trave1er,Eeee #KeyAndPeele won the award! They are adorable and funny. #Emmys https://t.co/is65k6zBdL,777690239997325312,4
52,Carolinaricci99,Ole via ai drama #Emmys,777690241675227137,0
53,potenspuella,I adore the dress of whomever the lovely lady is in the Key &amp; Peele group. #Emmys,777690241935282176,2
54,ScreenSaversID,"Outstanding Variety Sketch Series: Key &amp; Peele! #Emmys

Ini juga well deserved, ngehe banget sketch2 mereka berdua :))",777690241532432384,2
55,moshekasher,Nice try but @KeeganMKey told me he hates all craft services workers. #emmys,777690242635608064,6
56,BlessingWokocha,Key and Peele won an #Emmys black people winning tonight üôå I love it!,777690242606182400,2
57,BlackJackVinyl,Racist pigs #Emmys,777690242782367744,6
58,DessaCheu,"Gente eu quero os pr√™mios de Game of Thrones e da Tatiana logo, Q demora üòñüòñüòñ #Emmys",777690243948482560,6
59,lengsungit,DRAMA NA YESSSS #Emmys,777690244372017154,0
60,PaulyDiazH,Fargo y Kristen Dunst se llevaron los #Emmys en mi coraz√≥n,777690244468572160,2
61,Ward1013,"@KeeganMKey @JordanPeele My God, you guys nuthin' but love!!! #Emmys",777690244657192960,2
62,SuperstarLloyd,#Emmys: #GreaseLIVE wins Best Directing for a Variety Special https://t.co/O9lRLTwNUm https://t.co/cxYbmVkhi9,777690244397297664,4
63,pmbasse,#Emmys Who is Hillary Clinton..AWARDS!! This Movie Was Banned From Theaters   https://t.co/bexcxhpALI,777690244573433856,2
64,AshleyCullins,Can we get @KeyAndPeele another series stat please? #Emmys,777690244942434304,2
65,VisiondelCine,Mejor Programa de Sketches: 'Key &amp; Peele' #Emmys #EmmysPorWarner https://t.co/W1nDBmuMBs,777690243608809472,2
66,BahaarRizvi,Finally #DRAMA ! #Emmys,777690245106130946,0
67,ernestfuentess,üåΩüåΩüåΩüåΩüåΩ https://t.co/71K5el2Otq,777690244971757568,4
68,mattmendo,"Also, I want to know why Beyonce didn't even bother to show up. If you want an EGOT, you have to show up! #Emmys",777690245647200256,2
69,majaway_art,#Emmys winners biggest anxiety is getting cued off the stage by The Piano Player lol #talkfaster,777690245772959744,6
70,MazzaLeo,Minha torcida √© #GameofThrones e #MrRobot #Emmys #Emmys2016,777690245768835072,6
71,s_mendez8705,"@Lavernecox looking hot!
#Emmys 
#Emmys2016",777690245882077184,6
72,arielsepuak,Alguien sabe por que no esta the walking dead nominado a los #Emmys??ü§î,777690246309961728,2
73,RyanHoulihan,Does Carly Rae get an Emmy? Because it will soothe my pain to know that. https://t.co/g1vfzlEWEQ,777690245693308928,4
74,MariGoingPostal,2 to go Thomas Kail!  #destinationEGOT  #Emmys,777690246356078592,6
75,ItsScooterDuhh,Y'all got beyonce fucked up #Emmys,777690246821666816,2
76,KlakulakAdam,Congrats to #KeyAndPeele at the #Emmys,777690246913921024,2
77,Readiculous,@realDonaldTrump  https://t.co/xMxQsTCKQT,777690247953985544,4
78,daviddelaredo,Even though @chrisrock didn't win he still made me laugh üòÇüòÇ #Emmys https://t.co/G1qn08lNi4,777690247458983936,4
79,whoelisa,GENTE JA SAIU O MELHOR SERIE DE COMEDIA? TO MEIA PERDIDA #Emmys,777690248990031876,2
80,AlexVasikovsky,Kerry Washington! She looks amazing. #Emmys  MORE &gt;&gt; https://t.co/k1W3mpTM0G,777690249182973953,6
81,lovatozindo,n√£o fiz a li√ß√£o de casa por ter esperado alguma categoria de drama #Emmys,777690249593954304,2
82,CVNewsOnline,Kate McKinnon's emotional #Emmys speech stole the show! üôåüèªüëèüèª #CVLive https://t.co/cJYIqHGhKD,777690249677840384,4
83,gabii_borg,De 200 series conhe√ßo 1 #Emmys,777690250051280896,2
84,BabyRuthCT,"I'm old enough to to know Damon Wayans as just Damon Wayans, not Damon Wayans, Sr. #Emmys",777690250395213824,6
85,Ashek0025,mashable : The 'Game of Thrones' cast looked smokin' at the #Emmys. https://t.co/xwkw1RjnwJ ‚Ä¶ https://t.co/vA1udLxVcb,777690248532951040,4
86,achroul,"Drama, LA FINE #Emmys",777690250369957888,0
87,jolizevette,I know the Beyhive is coming out in full force - but Thomas Kail is behind @HamiltonMusical so... be nice and add honey to your tea üêù #emmys,777690250638454784,2
88,CNegarita,@KeyAndPeele you two are so awesome. I am very proud of you. Your versatility brings new life to comedy. #Emmys https://t.co/nxDM6naR0F,777690250441351168,4
89,briasoboojie,"""Williams Shakespeare once said there is no comedy more pure than a variety sketch series üòÇ"" Damon Wayans Sr #Emmys",777690252773199872,2
90,iChrisLehman,I was so POed about the last one I missed @KeeganMKey @JordanPeele win. #Emmys,777690252718837760,2
91,mandarjones17,#GoPackGo https://t.co/PbkhMr98oJ,777690252982882304,4
92,thaiguedesb,Maicol Kaile vei ‚ù§ #Emmys,777690253180166144,2
93,chicksafire,"Keegan Michael Key's slip-up is understandable, because I'm pretty sure Damon Wayans Jr is a clone of his dad. #Emmys",777690253003980802,6
94,winnesota031,"GET FREE 61 FOLLOWERS‚ûúhttps://t.co/HLmF7Sou0a
Kerry Washington
#LaBanda
#FearTWD
#Emmys
Tom Hiddleston
The Night Manager
Sam Bradford",777690253519835136,4
95,idance_365,Wow! So happy to be working such an amazing show! So much talent! And so much diversity on that stage!! And diverse winners! Yes!! üòç #Emmys,777690253733744641,2
96,picklehooker,Whaaaaaaaa?!?!? @KeeganMKey @JordanPeele #bossombuddies #Emmys #shitgetsreal #emmynation #OneNation #nocomicleftbehind,777690253498933248,2
97,inharrysarms_96,DRAMA #Emmys,777690254325186560,0
98,faithfulbieb,Winter is coming! Game of Thrones is my choice for best drama series in @CoxComm's #Emmys poll! https://t.co/h9J6nrJI4D,777690254086017024,5
99,lizponce,"Yay Keegan &amp; Peele, love them since their Mad TV days #Emmys",777690254975176704,2
100,poproyaltystan,&amp; none for Gretchen Wieners (Any Schumer) bye üòÇüòÇüòÇüòÇüòÇ #Emmys,777690254698422272,2
101,Destiny__Butera,so it's 4:05 am here and im literally still awake just to know if rami malik will win best actor or not and he better win !!!  #Emmys,777690254551687173,2
102,DREWZMAFIOSO,COMO ASSIM LEMONADE N GANHOU #Emmys,777690254820118528,6
103,lovetatyanaaaa,üòª https://t.co/6YdkznyyP7,777690253960380417,4
104,hudgenavys,passando aqui pra lembrar que.. #Emmys https://t.co/pCv4lEjYol,777690252664303616,4
105,18to49podcast,Right. How did this win https://t.co/2FP56GeT7z,777690255424000000,4
106,perla_franco11,Vamos #GameofThrones a Ganar!!! #EmmysPorWarner #Emmys,777690256967544833,6
107,KenknudsonKen,So much empathy for Julia Louis-Dreyfus nervously speaking tonight. I find vulnerability so moving -- hard to explain... #Emmys,777690257219215361,6
108,bebsool,Quiero la peluca de Laverne Cox #Emmys,777690257579995137,6
109,IndependentBey,Yeah... #Emmys https://t.co/GzRNaT8x7M,777690256074280960,4
110,lorloLauren,"""Meegan!""

Woot! üîë &amp; üçå #Emmys",777690257412108288,2
111,Kia_Mak,NEVER FORGET #emmys https://t.co/8YuqYA3Tds,777690257051512832,4
112,SASSYAF28,RAMI!!! #Emmys,777690258121056256,3
113,ianvillalobosm,And where is Beyonce? üòûüòûüòûüçãüçãüçã #Emmys #EmmysPorWarner,777690257970061312,6
114,loudmouf_resee,Wait...I fought sleep for this long and Beyonc√© is not even in the building?!?!? #Emmys #smh,777690257999405056,6
115,charly277,Been binging #KeyAndPeele and  I'm super happy they won. #Emmys,777690258506813440,2
116,DaniloPadillaR,demasiada perfecci√≥n üò±üòçüòç https://t.co/MH9r3mRZhe,777690258255319041,4
117,SrTps22,"Que injusti√ßa com o Lemonade. 
#Emmys",777690258511163396,6
118,jessgood,Grease Live... Oh really... how cute. #Emmys https://t.co/FjrrnlHZe6,777690257852477441,6
119,olucasfreires,AGORA S√âRIES DE DRAMA DESSAS EU ENTENDO BEM #EMMYS,777690258943148032,0
120,madcatjo2point0,Oh finally....Drama!  #Emmys,777690259312128000,0
121,lapetitesinge,"WOW at them forgetting to thank Keanu. That kitty CARRIED you guys. SMH. @KeyAndPeele #Emmys 

(jk luv u)",777690259270275072,2
122,rebecapichardo2,D√≥nde est√° Lena Headey?üò¢ #Emmys,777690259148505088,2
123,carlosdanielig,Pero que cosita :D https://t.co/FgltcGyuLL,777690259387711488,4
124,Carlosmazi,No me va alcanzar la vida para ver todas esas series. #Emmys,777690259769454592,6
125,MileysKoi,YAS finally the drama category then I'm done #Emmys,777690260050325504,0
126,LostOnTheFringe,DRAMA TIME. #Emmys,777690261124177920,0
127,julia_bey,"@Beyonce sua vaca, custava ir ou falar que n√£o vai? Vida da BeyHive se resume em ser trouxa #Emmys",777690261212241920,2
128,NicholasARice,The fact that there's an article about Bey losing and not about how Grease Live won ... https://t.co/V1FQXnaXno,777690261069635584,6
129,starksliam,n√£o aguento mais esperar #emmys,777690261250072578,6
130,Mela2084,No soporto esos titulares donde le quitan el cr√©dito a otros https://t.co/gN5JOt8bnC,777690261111640064,4
131,kayla_Ari1,LOL! Yes! Grease is a classic and absolutely deserved that #Emmys #Grease https://t.co/Cb35cQnZxy,777690261631537152,6
132,amdv35,What a night #EmmysPorWarner  #Emmys #Emmys2016  there is a lot of variety and everybody hates #Trump üëèüèºüëçüèΩüëèüèº,777690261958778880,6
133,Brian_D_Kuhn,Fuck yeah Keegan for shouting out Detroit!!! #Emmys,777690262344728576,2
134,nvyas,Yonce got robbed #Emmys,777690262113955840,2
135,SamDianeK,"Key thanking craft services, AMEN, craft services is what makes a set go round #Emmys",777690262235652097,6
136,rebel19,KEY AND PEELE y'all!!! #Emmys Just stupid brilliant is all.,777690262332174336,2
137,tyrionbebado,queria agradecer a academia DAS MARAVILHAS PRA ENTRAR NELA TEM QUE MALHAR TODO DIA #Emmys,777690262588026880,2
138,Visemiami,"Retweeted Derrick Clifton (@DerrickClifton):

Grease Live.
Beat out #LEMONADE. 
Okay. ÛæÜêÛæÜêÛæÜê #Emmys... https://t.co/LW1zkCHxl3",777690262722052096,6
139,JoshMarino420,"Key and Peele should've said ""Pussy on the Chainwax"" when they won. #Emmys",777690262575251456,2
140,thisismydesignn,"I still can't believe Keegan-Michael Key is from Detroit (Southfield, technically, right?) &lt;3 #Emmys",777690262663491584,2
141,My3Alexandra,"#Emmys When you think Key or Peele is on stage and one walks up. Yes, I actually witnessed that. üòÇ",777690263326253056,2
142,NoNotTheJacket,That episode was everything. üòî https://t.co/w0y2XZcjDG,777690265179922432,4
143,OptioneerJM,"BuzzFeedNews: Beyonc√© is probably like, whatever I'm still Beyonc√© #Emmys https://t.co/dy7QCldFKb",777690265272418304,6
144,TVGuide,.@sterlingkb1's Jay-Z reference in his #Emmys speech has started a trend to night https://t.co/yAIAe3okOc https://t.co/FYjtcKVdct,777690264873734144,4
145,Breathemilyy,Es dios @DiazHello https://t.co/sNpI2xA8Pm,777690264936681472,4
146,AuronFtWismichu,Al fin dramaaaaa #Emmys,777690265469485056,6
147,btiger28,Key and Peele grab one #Emmys,777690265414987776,2
148,HumbleVox,#GreaseLive was the üí£!!!  #Emmys,777690265301741568,6
149,LesleyLPena,Go Key &amp; Peele! ü§ó #Emmys,777690265825873920,2
150,mlgsmokers,... and the Emmy goes to #KeyAndPeele for Outstanding Variety Series! #Emmys https://t.co/lMcA0MKico https://t.co/JHzwEE6Tu0,777690266023198720,2
151,poisonfreckles,RAMI HAAHAHAHAH #Emmys,777690266669113348,3
152,wtftwdhp,AHHHHHH https://t.co/pJHr4NMsLT,777690266140549120,4
153,doc_harper,Remember that time the Warriors blew a 3-1 lead in the NBA Finals? https://t.co/dtoOZRvPMX,777690267302240256,2
154,renanfreittas,esse emmy para a Sarah Paulson foi mais do que merecido #Emmys,777690267658969088,4
155,Jebolizer,#Emmys: #JebBushPlaysUberDriver in Jimmy Kimmel's Intro #President #JuliaLouis-Dreyfus... https://t.co/5HwIbkmNe3 https://t.co/ezrJosONvQ,777690267331747840,4
156,Ashek0025,mashable : RT mashablegif: .Lavernecox echoes Jeffrey Tambor's earlier statement at the #Emmys ‚Ä¶ https://t.co/nM3KOZGZG5,777690268820729860,4
157,theRealFlappyTr,#GoPackGo #SantaGabriela #Fant√°stico #Emmys #CerimoniaDeEncerramento #ThisIsNotTheEndOfOneDirection https://t.co/F40PhWo1Ky,777690269538017280,4
158,MishonnAlexa,s/o #detroit ! @KeyAndPeele #Emmys,777690270058053632,2
159,alucinemainfo,"Gaby Hoffman y Jill Soloway, de Transparent, en la alfombra roja #Emmys https://t.co/R4hxKXEvpL",777690268736876548,2
160,Allure_magazine,When @KeyAndPeele win at the #Emmys https://t.co/3cCOBVA7tY,777690268313219072,4
161,Angemeyer1,Hilarious drive to the #Emmys @jimmykimmel,777690269793693696,2
162,LLcoolscharf,The shows not over yet but the highlight for me was @azizansari sitting on his mamas lap #emmys,777690269978210304,6
163,youngthetaylor,Lemonade losing to Grease Live! is why I have trust issues #Emmys,777690270217412612,6
164,BlackGurlz1,Congratulate to key and peeps for winning  #Emmys,777690270263566336,6
165,Sons0fFreedom,#Emmys All these elites showing support for Killary Clinton... Yet folks continue to believe the dems will help the poor?ü§î  #WakeUpAmerica,777690270821289984,2
166,rosesnrock,O que teve de bom no Emmy gente? #EmmyNaWarner #Emmys,777690270808825858,6
167,MitchStylinson,Sarah won and Kate won now I NEED Tatiana to win #Emmys,777690271165231104,2
168,spielster,Yaaaas @KeyAndPeele!!! Keep Dancing!!! #Emmys https://t.co/eMaWXRD3yB,777690269986717696,4
169,Aru_cha,No le estoy dando bola a los #Emmys pero quiero el mu√±equito √©ste,777690271022714880,6
170,JessHSun,DRAMA #emmys,777690272025247744,0
171,VioletGabrielle,Yessss https://t.co/FG5wetZ97g,777690272096366592,4
172,LindseyLaurenH,Good entrance song selection for Damon üòé‚ù§Ô∏è #Emmys,777690271526027265,6
173,ArethaSoares,Eu salvei essa foto ou aquilo que voc√™s ja sabem? #emmys https://t.co/3AFkKb0WfU,777690272000045056,4
174,CoelhoFala,O NOSSO ETERNO MICHAEL KYLE #Emmys  #EmmyNaWarner,777690273627381760,6
175,LHNetwork,Time for DRAMA! #Emmys,777690273983918080,0
176,flavinhameloo,Pensando no #Emmys em 2017: S√≥ vai dar #StrangerThings üòåüòå #EmmyNaWarner,777690273568751616,6
177,ItsMeeeLexis,THANKS FOR SLAYING MY LIFE https://t.co/m9QERuvewv,777690274168311808,4
178,JessLizBryan,Just cheered so loud for Key &amp; Peele that I startled my cat. #Emmys,777690274487238656,2
179,NextBestPicture,OUTSTANDING VARIETY SKETCH SERIES: Key and Peele #Emmys Are these not the greatest Emmys ever?,777690274638290944,2
180,LailaZ1031,I AM SO HAPPY FOR THOMAS KAIL RIGHT NOW YOU DON'T EVEN KNOW. CONGRATULATIONS!!!!!üòçüôåüèº‚ú®üéâüéâüéäüéäüéäüéâüéâüíñüíñüíñüíñüíñ #Emmys,777690273769979904,2
181,briotainment,Grade the #Emmys so far tonight.,777690274562703361,6
182,FergusonPnxSTL,Congratulations homeboy! https://t.co/fPjuWSl64o,777690274252193793,4
183,HaleyCompean,Where's Kanye when we need him? #lemonade #emmys,777690275174952960,6
184,hasDarkHorse,Oh l√† il drama! #Emmys,777690274965417984,0
185,NicoleSometim3s,How in the hell did Lemonade not win????? I'm just #Emmys https://t.co/Z4CPSGn2Mp,777690274042613760,6
186,choonqjae,YASSSSSSSS https://t.co/VU2u8987lm,777690274990469120,4
187,BrowncoatAuror,Key. And. Peele. &lt;3 #Emmys https://t.co/nrFcFPVvv5,777690273065398272,2
188,RapplerID,Variety Sketch Series: Key &amp; Peele #Emmys https://t.co/ybfkouEJMW https://t.co/saJhwWSvwO,777690274675822593,2
189,needhelppackin,"""Love you Detroit!"" love that shoutout  #Emmys",777690275841843200,2
190,amaisingkristen,RAMI #Emmys,777690275472891904,3
191,TatMaslanyBR,Cad√™ 'Outstanding Lead Actress in a Drama Series'?!? #Emmys #EmmyForMaslany https://t.co/3jMMXjYl3H,777690274076188672,2
192,strangergina,my badass mom !!!! slayed everyone https://t.co/XOzsiCN8H4,777690275149975556,4
193,hwszandra,now we are talking #emmys,777690275632254978,6
194,Destiny__Butera,yes congrats #Emmys https://t.co/8K0b4EwEJ2,777690275439345664,4
195,dauntlessblake,DRAMA HERE WE GOOOOO #Emmys,777690276340961280,0
196,Bey_Hive_,N√ÉO TEVE A BEY E ELA NEM GANHOU NDA ENT√ÉO ACHO QUE J√Å PODE ACABA ESSA PORCARIA DE PREMIA√á√ÉO #Emmys,777690277754667008,2
197,pkellyshock,Hillary Clinton is extremely sick ü§íü§ï #Emmys,777690277930754048,6
198,AnitaNelson,#KeyAndPeele üéâ #Emmys @KeyAndPeele We love you üíúüòò,777690278375272449,2
199,BuzzFeedMexico,"""¬øOye y si vamos por tacos cuando acaben los #Emmys?""

Yo: https://t.co/QRoZ8BW64I",777690276550680576,6
200,marounskii,As they should. https://t.co/YEXyUEgk7u,777690278316609537,4
201,AriesTrader22,Haitian President DEFENDS Clinton Foundation https://t.co/UxjmgNkvMt via @YouTube #Emmys #ImWithHer,777690278257909760,4
202,AmichelSW,"I've grown bored of the Emmys, waiting around for Orphan Black &amp; Mr. Robot #Emmys",777690278568210432,2
203,mecreozeus,"#ElChicoQueNoSeConectaNunca esta profundamente dormido, tengo su celular a mi merced pero s√≥lo quiero ver los #Emmys #whitetrash",777690278849310722,6
204,bettydiosdado,"S√≠! Tommy Kail, s√≠!!!! #Emmys",777690278916345856,2
205,beyoncesson,"#Emmys 
I told y'all and tell y'all every year. If Beyonc√© doesn't she, she didn't win. Idk why y'all gagging. https://t.co/doRdNSGPUC",777690277829935104,4
206,azalben,#emmys honestly worth it just for this: https://t.co/35UrlKlqeA,777690278085988352,4
207,SherlockArg,¬°¬°¬°No podemos dejar de aplaudir!!! #Emmys #Sherlock #TAB https://t.co/ufC4dDIQCO,777690278996180993,4
208,NemesisLeClair,"Me importa un Pico los #Emmys Los #GRAMMYs #Oscars y toda la wea...
Que... ¬øTito el Bambino?
Tito Fern√°ndez CTM ¬°¬°¬°¬°
#18deseguirchilenos",777690279272968193,6
209,Ju_GonS,"Jon, call me now https://t.co/ZxK5v8wMg1",777690279054901248,4
210,poehlermckinnon,Smart Girls question answered https://t.co/fuwATODoyZ,777690279201701888,4
211,EMEdeMujerUSA,#Emmys| ¬øCu√°l serie es tu favorita para llevarse el premio a Mejor Serie Dram√°tica? üòç https://t.co/UBFimQJuFk,777690279373631488,2
212,applauseNewYork,Thrilled that @GoGrease won an #Emmys tonight ! Just shows people want to watch #Broadway shows! Produce more! #live #theatre on #tv,777690279889477632,2
213,FarinacciaMatte,Beyonc√© ci hai perculati. üòû #Emmys #Rai4 #Emmys2016 #Beyonce,777690280099274752,6
214,daniborge5,üòªüòªüòªüòª https://t.co/9l8xPHa5PD,777690280216633345,4
215,onefishtwobitch,ROMI MALEK BAAAAAEEEEEEEEE #Emmys,777690282020048898,2
216,mrvelasco559,@KeyAndPeele  hell yeah #Emmys https://t.co/4Q13mB0Li1,777690280333946880,4
217,anwill93,So happy for Key and Peele! Yes yes y'all! #Emmys,777690281999294464,2
218,heeyDaniele,√â agora!!!! #Emmys,777690282083119105,6
219,JonWarech,Look at all those old white people hugging behind #KeyAndPeele #Emmys,777690282183753728,2
220,eviltttwin,‚ù§Ô∏è https://t.co/R9SKqKKMW3,777690282028572672,4
221,Jhenne_Bean,MY BB RAMI &lt;3333 #Emmys,777690282280103940,3
222,j0hnparker,Great to see People vs OJ having such a great (and well deserved) night at the #Emmys,777690282624110593,6
223,nikangel39,Heheüòè https://t.co/I1yAhhyvPF,777690282313781249,4
224,ewood02,Wildly uncomfortable that these two laughed this hard at Matt Damon being funny. #TheEmmys #Emmys https://t.co/pEJVS8NJbY,777690279793070080,4
225,PrometheusLaw,"TheRoot: Chris Rock‚Äôs reaction to not winning an Emmy, was excellent. #Emmys",777690282666188800,6
226,roblathan,Ian Roberts! Best in the biz! #Emmys,777690281978302464,6
227,jasoniviking,I always dig it when winners give a shout out to craft services #Emmys,777690282762629120,6
228,marlyndelvalle1,Aaajajajajajaja https://t.co/hBop3Mhkxu,777690282456260608,4
229,Marxelle,"hi, who produced these transitions into different categories? it's weird. #emmys",777690283051843589,6
230,buckyndale,FINALMENTE DRAMA #Emmys,777690282653577216,1
231,caitlynwinn,can it be... YESSSSSS THE DRAMA HAS COME #Emmys,777690282821156864,6
232,jay4ness,Woo! #KeyAndPeele won for their final season at the #Emmys https://t.co/jYBl3W2KXl,777690281852411904,4
233,butwevegotheart,RAMI YES. #emmys,777690283291074560,3
234,KierraAJackson,Congrats to Key &amp; Peele on their award especially in the last season of the show. #Emmys,777690283576131584,2
235,Jedi_Vani_Mehta,Okay I officially hate everything. My #Emmys broadcast shut down right after Kate McKinnon's speech,777690283655860225,6
236,elcharles1109,"Vien los #Emmys desde Per√∫, saludos",777690283316314112,6
237,foxNL,Ben jij LIVE de #EMMYSopFOX aan het kijken? Tweet ons een fotootje/selfie en maak kans op de The Walking Dead dvd-box! #Emmys #TWDopFOX,777690283702161409,2
238,Coming_Movies,#AndySamberg | #Emmys https://t.co/zVcUqHVv7y,777690281441394689,4
239,jenniferbermejo,When Ross met Eleven at the #Emmys. https://t.co/0pBG69ZV0L by @vine via @c0nvey,777690283664371712,4
240,larissalfm96,Enfim Drama üôå #Emmys,777690283723124736,0
241,OMGHAIZ,AMEM DRAMA #Emmys,777690284524244992,0
242,All_Screens,Y se corona como vencedor #KeyAndPeele ! #Emmys,777690284935217152,2
243,DiarioElPeruano,#Emmys ‚ÄúKey &amp; Peele‚Äù es la mejor serie sketch de variedad,777690285929299968,2
244,calebtraitris,ATE QUE ENFIM #EMMYS,777690285937664000,2
245,PrometheusLaw,TheRoot: Kimmel: I wouldn‚Äôt want to be those guys when Kanye finds out they beat Beyonce. #Emmys,777690286088658948,6
246,librarian_kate,This show better end on time. East Coast got work tomorrow and it's 10.05 PM and we're not at Bring Out Yer Dead (In Memoriam) yet.  #EMMYS,777690286218698753,2
247,Katishcka,DRAMAAAA #Emmys,777690286461976576,6
248,sarahstweets85,There's my man @ItsRamiMalek #Emmys,777690286541643776,6
249,khaleesiar,voc√™ tem todo o direito de n√£o gostar de sherlock s√≥ n√£o vem n√£o gostar de sherlock perto de mim n√© minha filha se toca #Emmys,777690286386507776,6
250,fio_sfe,#Emmys apurame las categor√≠as de GOT que me esta dando sue√±o...,777690286726213632,6
251,GreciaDackles,No se desde cuando llevo viendo a Damon Wayans y sigue igual... esos hermanos Wayans me encantan #emmys,777690286596259841,6
252,Atorm3ntado,perdi o fantastico e metade do #Emmys sem problemas,777690286952775680,2
253,BreezyWeekes,"So happy @KeyAndPeele won @TheEmmys #Emmys ""I was like biiiiiiiiiiiitch"".",777690286994489344,2
254,MichaelaAngelaD,#KeyAndPeele ....get it. #Emmys,777690287070146560,2
255,DocBrown_TV,Way more people should thank craft services when winning #Emmys. Best part of all TV sets. #KeyAndPeele,777690287103549440,6
256,CapeTownFairy,RT: KellyOxford: Jimmy Kimmel is so fucking funny #besthost #emmys,777690286667534337,6
257,mathmais_,ai vai come√ßar os Drama #EMMYS,777690287149879296,0
258,sandalily,Jimmy Kimmel is doing an awesome job #Emmys,777690286927581189,2
259,strangerwsh,DRAMA DEUS √â TOP #Emmys,777690287384723457,0
260,dmaul53854,FINALLY! Drama time! Aka Game of Thrones time! #Emmys,777690287334359040,0
261,cathytripiciano,A beautiful speech &amp; tribute. Congrats @pattonoswalt #Emmys https://t.co/sfk3AUjr7U,777690287107964928,2
262,R_R_R_Jr,This is why we have our own shit. How did Grease Live get nominated but not The Wiz? #Emmys,777690287544098816,6
263,TaxicabsTravelG,@businessinsider: Aziz Ansari had the most awkward moment at the #Emmys https://t.co/tuF5ECYC7k https://t.co/GdRalcHWbX,777690287086985216,4
264,annysnits,Dramaaaaaa #Emmys,777690288055808000,2
265,TeriHart,THese genre bumpers are awkward #Emmys,777690290639478784,6
266,kunzanon,"ai gente, os dramas √© agora  #EmmyNaWarner #Emmys",777690290421456900,6
267,portalbuzzpop,Melhor dire√ß√£o de especial de variedades: Grease Live! #Emmys https://t.co/ADdbMrWl2n,777690290094280704,6
268,NiTanCholo,"Winter is coming! Game of Thrones is my choice for best drama series in @CoxComm's #Emmys poll!
https://t.co/VL1NR6eeRk",777690290689835009,5
269,poisonzisley,OS DRAMAS AMEM #emmys,777690291126018048,6
270,traumasrbd,"Winter is coming! Game of Thrones is my choice for best drama series in @CoxComm's #Emmys poll!
https://t.co/uwPCF3aVec",777690291235094528,5
271,JulianDionG,Why would the #Emmys play @Lavernecox like that? I know she just knew Beyonc√©'s name was in the envelope.,777690291277066240,6
272,highforpeters,that is my girl @MsSarahPaulson @AHSFX  #Emmys https://t.co/aoVR1Itgfa,777690291008598016,4
273,AmySomai,"Finalmente Drama, raga ho l'ansia #Emmys",777690291805487104,1
274,eightfemme,this is the cutest https://t.co/JomYUXP57c,777690291742486528,4
275,morpheusxp,Nice @KeyAndPeele picked up an Emmy for best Variety Comedy. üòÑ #Emmys,777690291843268609,2
276,R_Tho,Rami is so cute. And little. #Emmys,777690291805511680,3
277,Metro_US,"Who owned the red carpet at the 2016 Emmy Awards? #Emmys
https://t.co/Xhr96qw9IK https://t.co/oKbdMPmCna",777690291264376832,4
278,JennTVQueen,Finally Drama!!! #Emmys,777690291809705984,0
279,GiulyMetallers,#Emmys RAMIIIIIIIIII,777690292145229824,6
280,marissad415,Doing my best Hingle McCringleberry touchdown dance for @KeeganMKey and @JordanPeele #Emmys,777690292048703488,2
281,MetroBOS,"Who owned the red carpet at the 2016 Emmy Awards? #Emmys
https://t.co/6u8LvZiGvc https://t.co/bVtnhsZvnR",777690291293659144,4
282,aryastlrk,VEM CATEGORIA DRAMA VEM GOT LEVAR TUDO #Emmys,777690291662970880,2
283,notutopia,When Ross met Eleven at the #Emmys. https://t.co/YkCY9sOofM by @nightwatchphoto via @c0nvey,777690292233330688,4
284,metronewyork,"Who owned the red carpet at the 2016 Emmy Awards? #Emmys
https://t.co/H3I3B9WjtJ https://t.co/fb1Z7pfGq5",777690291335671808,4
285,MetroPhilly,"Who owned the red carpet at the 2016 Emmy Awards? #Emmys
https://t.co/pXqQHNXPGO https://t.co/kYwAv9PzTg",777690291549581312,4
286,MacoKatigbak,Woahhhh #Emmys,777690293055270912,6
287,johnconstantxne,I LOVE SARAH SO MUCH #Emmys https://t.co/0k0KlQAVyX,777690291906174977,4
288,Bahardemirci,@tatianamaslany  i√ßin @jimmykimmel 'a katlanƒ±yorum.Kazanamazsa depresyona girerim  #Emmys,777690294951088129,6
289,oracle_4,I got home late (stuck in accident traffic). Has @M_Weatherly already been on #Emmys?,777690294674399232,6
290,heartelastic_,Beyonc√© perdeu #Emmys https://t.co/0gySMJJ5Dm,777690294313586688,4
291,WesterosChile,¬øAlguien m√°s sintonizando los #Emmys 2016? :o https://t.co/iO27JrMeB4,777690294888169477,4
292,clarincom,"#Emmys 2016 I ""Grease Live"": Mejor direcci√≥n en un especial de variedades https://t.co/TbxWXqpDI8 https://t.co/Fv9GYyrLz0",777690293680431105,4
293,IamMikeRich,Grease Live? and then you didn‚Äôt even have the Wiz in the category?? tf‚Ä¶. #Emmys,777690294867337217,6
294,Tee_Suave,Yassss drama! #Emmys,777690295207100416,0
295,vulture,"Leslie Jones shuts down trolls at the #Emmys: ""Can‚Äôt a sister feel beautiful?"" https://t.co/Tom2sULGoN https://t.co/BFvQihMzxI",777690294133325828,4
296,Katiedora,"Like, such a great list of nominees, but I really love Key &amp; Peele, so this is wonderful. #Emmys",777690295307599872,2
297,jiyongdope,"o C√£o, a Aranha, a Florzinha e o Dem√¥nio em uma foto s√≥! #Emmys https://t.co/VuHgT9cOal",777690295051911169,4
298,myairdl,DRAMA AGORA PUTA Q PARIU #Emmys,777690295597199360,0
299,mukeshykitty,dramas gra√ßas a deus #Emmys,777690295655956480,6
300,thehipsterit,Miglior serie sketch variet√† &gt; Key and Peele #Emmys #Rai4,777690295458729984,2
301,harIeyzqueen,melhor parte do #Emmys √© quando toca o piano quando o povo ta falando. maneira super educada de falar CALA A BOCA,777690295848804352,2
302,alanhossk,Siempre hay algo nuevo que ver en la televisi√≥n gracias a #Emmys üòÅ,777690295664119808,6
303,NoSoyAlexOk,"Key &amp; Peele ganan por su temporada final, un ultimo cari√±o de despedida.#Emmys",777690295374938112,2
304,SketchyTeeHee,Op I'm confused? https://t.co/SqLY7cuzLQ,777690296070975488,4
305,candyymanx,Categorias de drama. Finalmente. #Emmys,777690296041832448,1
306,Victoria_Cron,@FelicityHuffman killin' it at the #Emmys per usual,777690296322777088,2
307,saradegaspari,FINALMENTE DRAMA #Emmys,777690298793226240,1
308,camillaanobre,Esperando sentada alguma premia√ß√£o importante aqui no #Emmys... üòÇ,777690298679955456,6
309,KathrynLenaD,Am I the only one that's okay with Grease: Live winning over Lemonade?  #Emmys,777690299069902848,6
310,mmurdxck,Ramiii malekkk #Emmys,777690298940030976,6
311,thisismydesignn,R A M I I I I I I #Emmys,777690299095220225,6
312,HaringtonFrance,D√©but des r√©compenses pour les s√©ries dramatiques ! #Emmys,777690298696818688,6
313,Carollyina,So Lemonade (an original movie) lost for a remake. #Emmys https://t.co/aRr6Vdcyvc,777690298667372544,4
314,men_v,"@feerhuacuja t√∫ comiendo, yo‚Ä¶abusando jaja #Emmys #EmmysPorWarner Te amo m√°s, pasen el twit jaja.",777690299158044672,6
315,biancamejias,Al fin!!!!! #Emmys,777690299804123136,6
316,dxblashine,AYUDS #Emmys,777690299615350784,4
317,jdouts,That music was MAD intense #Emmys,777690299963289601,6
318,banygraterol,"Winter is coming! Game of Thrones is my choice for best drama series in @CoxComm's #Emmys poll!
https://t.co/gRBH4r63Fl",777690299275571200,5
319,lilosivan,I CANT BELIEVE I MISSED THIS https://t.co/EdgAw1Ah5y,777690299959304192,4
320,TheJuninho,RAINHA DA MINHA VIDA EU AMO ESSA MULHER https://t.co/eorOnGPb66,777690300156444672,4
321,pamjelaa,.@Lavernecox just came out G L O W I N G!! #Emmys ‚ú®‚ú®‚ú®‚ú®,777690299283873793,6
322,vanealbino,Dramas at√© q fim  #Emmys,777690300072464384,2
323,DutchMasterDior,Keri slayingüò≠üò≠ https://t.co/4KzkYCc3er,777690300890292224,4
324,TheKidJana,Amy Schumer was nominated for a lot and hasn't won anything yet Thank God. She needs to be humbled #Emmys,777690301964099585,6
325,EddyRhae,EliteDaily: Key and Peele with anotha WINNNNNN #Emmys https://t.co/AGros82SXN,777690302924656640,2
326,BreannaPaige,I want to be best friends with them on such a high level. #Emmys https://t.co/zL2dednwjj,777690302224015360,6
327,swanorgomez,AGORA EH DEAMA #Emmys,777690303021056000,6
328,ferreiragui,agora vai #Emmys  #TheAmericans,777690303121780736,2
329,emialvarez69,Volver a Twitter solo para seguir a los #Emmys,777690303025278976,6
330,danlabuda,Watching the #Emmys,777690303335632896,6
331,joshlicioso,"DRAMA
marina joyce to torcendo muito #Emmys",777690303264415744,0
332,kristyvondrasek,Detroit got a shoutout at the #emmys,777690303700447232,2
333,thedailybeast,Keegan-Michael Key on his Obama &amp; Trump impressions: https://t.co/UOOUgLhpbQ #Emmys https://t.co/PJZsErqKCt,777690302362611712,4
334,greysawho,A√™ finalmente #Emmys,777690303964803074,1
335,SmileyCamila_,Condragulations Mama ru @RuPaul @RuPaulsDragRace https://t.co/60UbHgOGxa,777690303159537664,4
336,_supimpa,PUTA MERDA √â AGORA SOCORRO #Emmys,777690303843201028,6
337,strkgaryen,drama amem #Emmys,777690304019398656,0
338,He_Has_Failed,Sounds like juvenile Hollywood. https://t.co/iOjzjiDL08,777690303830581252,4
339,rickysheat,DRAMAAAAA finally #Emmys,777690304002555904,0
340,GabyPatulot,OUTSTANDING CHILDREN'S PROGRAM #Emmys #LiveOnSKY #MyManok #GirlMeetsWorld https://t.co/m2lakW1YHG,777690302450503681,2
341,biaahabiaaha63,Dramaaaaaaa socorro #Emmys,777690304266764288,6
342,Lindamyers56,Matt Damon is so funny!  #Emmys,777690304421826560,6
343,jramanzini,come√ßou o #Emmys,777690304283611136,6
344,TonyMaglio,Feature pitch for this week: Go get drunk with the @drunkhistory team and talk shit about their #Emmys snub. (Though #KeyandPeele is great.),777690304329687040,6
345,JillLHickey,@KeyAndPeele BITCHES!!!!!!    #Emmys !!!! Meegan and Andre for life!!!!!!!,777690304837095425,2
346,HalanaLemos,Finalmente  #Emmys,777690304832999424,1
347,anaqueenskywalk,DRAMA AGORA #Emmys,777690305076297728,0
348,xshif,"RAMI MERAVIGLIOSO 

#rai4 #Emmys",777690305248235520,3
349,ferdinandofreit,Ajaaaa viene el drama. La parte buena #Emmys,777690305218904064,0
350,natilunelli,AI JESUS E AGORA #Emmys,777690305462231041,2
351,Eager_Things,Can't say #Emmys ain't diverse.  Gots enuff niggaz up in there tonight to make a tarzan movie.,777690307328606208,6
352,ppeterpan_,ALELUIAAAA #Emmys,777690307295055872,2
353,janinercamp,@KeyAndPeele #Emmys,777690307630538752,2
354,thais_quecida,VEM DRAMAAAAA #Emmys,777690307441950720,2
355,jpsketch,You sure? ü§î https://t.co/tL4Rjbdv1w,777690307076890625,4
356,ginger_lizard,Drama category. This is the part where I start sweating profusely. #Emmys,777690307420950528,0
357,fashioniconbey,#Emmys https://t.co/xdSdechbLm,777690306854748160,4
358,MConfleek,Beyonce lost!? RIP the Emmys https://t.co/LCUrSzMeJc,777690307555045376,4
359,juliannalarosa,YESSSSSSSSSS https://t.co/JKHf2H1lgf,777690307697713152,4
360,marianacrsdo,Kit j√° ganhou s√≥ por ter nascido com essa bunda #Emmys https://t.co/lQu24BFPb7,777690307500605440,2
361,FaleneOfficial,finally drama #Emmys,777690308087779328,0
362,sofiaallrr,DRAMA TIME #Emmys,777690308301746179,0
363,ellisromance,Did Keegan just thank craft services???? LMAO #Emmys,777690307987173376,6
364,pedrorojas1998,And The Emmy Goes to....... #EmmysPorWarner #Emmys,777690308222054400,6
365,sensete,DRAMA!!!!!!!!!!!! #Emmys,777690308654096384,0
366,buckyndale,RAMIIIIIII #Emmys,777690308704428036,6
367,aliceemarquess,DRAMASSSS #EMMYS,777690308926660608,6
368,sejemenasedu,DRAMAAAAAAAAAAAAA! #Emmys,777690308989575168,2
369,mione_br,DRAMA AM√âM JESUS! #EMMYS,777690309211873280,0
370,DemarcoLavendel,Oh Wow @jimmykimmel has no filter. LMBO Too soon?  #Emmys,777690308947611648,2
371,lolminati,beyonce perdeu #emmys https://t.co/YERG5ZR8F7,777690308402356224,4
372,DhonixFaithful,What a queeen! #EmmyswithPC https://t.co/b2nx3FV4l3,777690308876185600,4
373,ajhessyofc,#Emmys assistam #pll7 https://t.co/SMrWgs0YMa,777690308465266688,4
374,batgirrrI,FINALMENTE OS DRAMAS! #Emmys,777690311367745536,1
375,uaigeorgia_,ABAIXEM QUE OS TIROS V√ÉO COME√áAR #Emmys #GameofThrones,777690311296479233,6
376,revol_less,RAMI! #Emmys,777690311032205312,3
377,oihobbit,O RAAAAAAMI #Emmys,777690311355166720,6
378,stayfuckingaway,Finalmente Drama #Emmys,777690311317393408,1
379,KhattarKhalifa,CONGRATS https://t.co/fhjlGABvfs,777690311166427136,4
380,StarkyLuv73,Odd that Key &amp; Peele were the only POC writers on @KeyAndPeele #Emmys,777690311363624960,2
381,gingerxkeps,DRAMA AI CARALHO #Emmys,777690311472603137,0
382,gusttcosta,"agora vem categoria boa, DRAMA #Emmys",777690311594274816,0
383,ErnmanSellsOut,"The least they can do for the directors of ""Grease Live"" is to give them an Emmy. That was quite an accomplishment. #Emmys",777690311384567809,6
384,peggysnows,Eu s√≥ queria ser Hugo Gloss para estar nos #Emmys,777690311875264512,6
385,T_Gravess,My two favsüòçüòçüòç https://t.co/jXsUd719dO,777690311720071168,4
386,JenDBradley,Oh heyyyyyy Rami Malik #Emmys #EmmyVixen,777690312424591360,3
387,_paimpaim,"Lavene Cox, diva sim ou claro? #Emmys",777690312152055808,4
388,shoychong,Drama!!!!!! üíûüíï #Emmys,777690312319832065,0
389,girlsadz,RAMIIIII AAAAAAAAA #Emmys,777690311925633024,2
390,iRikahi,"Si estaban todos, pero solo ponen fotos de los nominados y el resto, a ver si sacan capturas :3 #Emmys #MrRobot",777690312638627840,6
391,jawreguizx,MEYU DEUS TO NERVOSA #EMMYS,777690312995172352,6
392,afiab,Happy 4 @KeyAndPeele they had a great run @ComedyCentral üëèüèøüëèüèø #Emmys,777690312579780613,4
393,CHLSo0,Drama üëèüëè #Emmys,777690312848334848,0
394,JeniferFrouche,‚ù§ https://t.co/CCVYOmlQM8,777690312579883008,4
395,just1moonlight,DRAMA ALELUIA #Emmys,777690313523683328,0
396,Robo_Ally,The #Emmys is canceled! Grease Live!? GREASE FUCKING LIVE!? https://t.co/uomYPpbbXa,777690314081349636,6
397,necroispas,YAAAAAAAAS https://t.co/ZhyZ2q3X0r,777690313267810305,4
398,alohashaii,AYEE RAMI #Emmys,777690315729887236,3
399,yohkatheryn,ECCO ORA SI RAGIONA #emmys #rai4,777690315897577472,6
400,FeerReatti,DRAMAS #Emmys,777690315457265664,6
401,michelledeidre,Time for Team Russia to step up and dominate. #Emmys https://t.co/VT0Qht8krG,777690315171868672,4
402,ccamialfonso,Amor hacia este nene üíû https://t.co/KbisqDLhez,777690315494830081,4
403,IaraTNesteruk,EMPEZAMOS CON DRAMA. SEEEEEEE #Emmys,777690315973070849,0
404,XPedroBecerraX,Rami!!!! #Emmys,777690316480450560,3
405,cassioknd,uma coisa √© vc fazer um √°lbum visual durante meses e outra √© vc reproduzir um filme inteiro em apenas poucas horas e ao vivo #Emmys,777690316241563648,2
406,oompalucas,O pagamento do jay-z nao caiu na data certa #Emmys,777690316287664128,6
407,_torilkelly,Tori is slaying life üòçüòçüòç @torikelly #torikelly #Emmys #slay,777690316723716096,4
408,JuanR__,Para cuando Game of thrones?üòµüòµ #Emmys https://t.co/VqqrU2x7X4,777690315906056192,5
409,stormborn_bitch,√â agora caralho me segura  #Emmys,777690315981488128,6
410,andykuchen,Key and Peele get a much deserved win #Emmys,777690316778381313,2
411,fedebeja30,#amyschumer tengo que ganar...soborne a todos los #Emmys https://t.co/DOJQWKeFsd,777690315557838848,4
412,forthejokes,Rami Malek and Abigail Spencer: attractive pair #Emmys,777690316979642368,3
413,besha_grigori,MEEEEEU AMOR  #Emmys,777690316468056064,2
414,eruwaffuru,–ê–ê–ê–ê–ê –†–ê–ú–ò–ò–ò–ò –ê–ê–ê–ê–ê –ê–î–í–î–í–ñ–ñ–í–ñ–í–î–í–î –û–ù –ö–û–ì–û-–¢–û –ü–†–ï–î–°–¢–ê–í–õ–Ø–ï–¢ #Emmys,777690317034258432,6
415,FranCBrath,Al fin el Drama !!! #Emmys,777690317235650560,0
416,eestefania13,"#GameOfThrones is a surefire winner for ‚ÄòOutstanding Drama Series‚Äô at the 2016 #Emmys. Place your vote with @OSN.
https://t.co/hTbyujcKfR",777690316761595905,4
417,johntxrry,"CATEGORIAS DE DRAMA, FINALLY  #Emmys",777690317646622720,0
418,Champslucass,Tem programa que eu nunca ouvi falar levando #Emmys,777690317533380608,6
419,Essence,Congrats @KeyAndPeele on beating out #SNL for best comedy sketch show! Well deserved! #Emmys,777690317646622721,2
420,lilflouiswer,ELA TA MUITO DIVAAAAAAAAAA https://t.co/77hK2F55uI,777690317399134208,4
421,marianamvalente,"ate quem fim dramaaaa, VEM TATIANA #emmys",777690319957753858,2
422,olhardoflyy,"A lemonade t√° azeda msm , pra n√£o ganhar um Emmy  #Emmys",777690319831887873,6
423,poisonfreckles,RAMI IS SO TINY #Emmys,777690319831830528,3
424,esquerdxpata,√â AGORA VIADO #Emmys,777690319907348480,6
425,l0vaticas,GENTEKKKKKKKKKK https://t.co/sjIlepf3a7,777690319743778816,4
426,pjrocks,Oh man Key or Peele just confused Damon Wayans Jr. and Damon Wayans Sr. lol? #Emmys,777690320293113856,6
427,itslucasmello,DRAMA ALELUIA #Emmys,777690320309932033,0
428,joaoi,agora vai #emmys,777690320247066624,2
429,livelovebread,oh shit here we go the Drama categories #Emmys,777690320200953856,0
430,TheRedCarpetTV,The kid in me is giddy I'm in the same room as John Travolta. #PeoplevsOJSimpson #Emmys https://t.co/2CWuV0Urf9,777690319026397187,4
431,IsadoraCgn,AM√âM #Emmys,777690320402276352,6
432,Toorreyjo,"@KeyAndPeele win for Outstanding Variety Sketch Series, making me laugh since day one. #JANMLMU #Emmys",777690320632881152,2
433,ReneRene4851,"#Emmys ""I was wearing a black jacket and now I'm wearing a white jacket.  Just goes to show at the Emmys anything can happen""!?! Seriously?",777690320859308032,6
434,raya_sandra,El arte de hacer re√≠r...la comedia puede salvar al mundo. #Emmys,777690320964169731,2
435,claudiadontsurf,YOOO DRAMA THIS IS MY SHIT #EMMYS,777690321106841601,0
436,danesgilmore,YESSS congrats Tommy K and @GoGrease!!! #Emmys,777690321098539008,2
437,laprensaesrosa,Mejor Actriz en Comedia: Julia Louis-Dreyfus #Veep #Emmys üëèüèºüéâ https://t.co/og2T8YmDFf,777690319731171328,4
438,lizskret,#Emmys,777690321765281792,6
439,wreckitnat,RAMIIIIIIIIII #Emmys,777690323803836416,6
440,euuunw,#Emmys ÿ≠ŸÅŸÑ ŸÖÿß ÿ™ÿ±ÿ¥ÿ≠ ŸÑŸá ŸÜÿßÿ±ŸÉŸàÿ≥ ŸàŸÑÿß ÿßŸÑÿ®ŸÑÿßŸäŸÜÿØÿ±ÿ≤ ŸÉŸäŸÅ ŸäÿµŸäÿ± ŸÖÿ≠ÿ™ÿ±ŸÖ ÿü,777690323925499904,6
441,CallMe_Kala,DRAMA GRA√áAS A DEUS #Emmys,777690323711619072,0
442,ramon_girones,Susanne Bier gana el #Emmys de mejor direcci√≥n por The Night Manager.   https://t.co/XH8giHdfyM,777690323967418368,2
443,justcallmepam,Matt Damon &amp; Jimmy Kimmel great duo tonight !! #funnysegment #howdoyoulikethemapples- best line üòÇ #Emmys,777690323992666112,2
444,4_Y_E,"""Key &amp; Peele"" wins best variety sketch series #Emmys",777690324130992128,2
445,twfgreedy,DRAMAAAAAAAAAA PORRA #Emmys,777690324030394372,2
446,F_ScarletWitch,"DRAMA TIMEEEEE
#Emmys #EmmysPorWarner",777690324470607872,0
447,Tnaple,When's the halftime show? #Emmys,777690324353286144,6
448,kainoax,uy @Watdahel_Marcel https://t.co/n1a6rQ4N6N,777690324235804672,4
449,WSW268,Best win so far #KeyAndPeele #Emmys,777690324701282305,2
450,larryfeatkaty,NAO SEI SE EU GRITO SE EU CHORO SE EU BEIJO A TELA DO CELULAR #Emmys https://t.co/uCw1NHc5nE,777690323589992448,4
451,96sendy,RAAAAAAAAAAAAAAAAAAMIIIIIIIIIIIIIIIIIIIIIIIIIIII   #Emmys,777690324533641216,6
452,darlingnessa_,I'm going to bed. https://t.co/D5SCRMzNxX,777690323082473473,4
453,_yaddat,"ALELUIA
DRAMA
#Emmys",777690324625948673,0
454,sapienveneficus,"Yes, it's drama time! #Emmys",777690324261072896,0
455,JessOfRVA,This music nonsense is stupid. Please stop with the changes per category. #Emmys,777690324923658241,6
456,holamexico,#Emmys Y el premio a Mejor Programa de Variedad y Sketch es para Key &amp; Peele,777690324546101249,2
457,im_just_jackie,"Style &amp; Grace!!!
#Repost @kurleebelle with @repostapp
„Éª„Éª„Éª
@kerrywashington is absolutely stunning at the #Emmys! https://t.co/HxLT7HBb4x",777690325909327877,4
458,DontCallMeLex_,Yaaaaasss it's time for Drama!!!! #Emmys,777690326374813696,0
459,Cah_2805,@federicodevito deu uma de @HugoGloss e t√° narrando o #Emmys #EmmyNaWarner,777690326182092800,6
460,startexana,AIMEUDEUS #Emmys,777690326395912192,6
461,boxpopsite,Drama √© sempre uma briga! Quero ver sangue #Emmys,777690326823739393,0
462,morgan_buell,"""We have to thank craft services for this #Emmy"" #bravo @KeyAndPeele #emmys",777690328384036864,6
463,zackmassey,".@KeyAndPeele should have their #Emmys award taken away, because of that god awful #VMAs hosting. https://t.co/ZoqN8AOPqO",777690326471507968,4
464,camilasamorim,E p√µe American Crime Story na lista pra assistir #Emmys,777690328337936384,2
465,targaryennx,DRAMA CHEGOU YESSSSS #Emmys,777690328501485568,0
466,TROYXSlVAN,BERRO https://t.co/FQB8rVOXQN,777690328228855808,4
467,tonyliang,The #Emmys music is passive aggressive,777690328786612224,6
468,Maria_Giesela,Rami!!!! #Emmys https://t.co/D95H04uuqN,777690327754870784,3
469,theErikaMoulton,My lights just flickered but I'LL BE DAMNED if my power goes out before #GameofThrones wins anything. #Emmys #Emmys2016 #FloridaLife,777690328526626816,6
470,biblioterapia_,Quero https://t.co/oCgxc1oPaF,777690328476319744,4
471,TheDivahFilez,Congrats to @JordanPeele &amp; @KeeganMKey  for Variety Sketch Special for #KeeganAndPeele #Emmys https://t.co/5ZOuCAui46,777690327566155776,2
472,takeddls,AGORA √â A HORA DRAMAAAA #Emmys,777690328820219904,6
473,nikaliye,I think the show might actually end on time https://t.co/EusSNOKkDi,777690328648343552,4
474,nicolee_mariah,"#Emmys are surprisingly incredibly diverse. YES. Oscars, take notice üôåüèæ",777690328987947014,2
475,NefariousEllie,Rami üíïüíïüíï #Emmys,777690329189351424,3
476,MHagkull,"Speaking of substitute teaching, if you haven't seen #KeyAndPeele's sketch, google it. #Emmys",777690329445126144,2
477,littlefrenzy,Me segura que chegou o drama #Emmys,777690329327734785,0
478,RockyShields,Wow Key &amp; Peele for best sketch show #Emmys,777690328992133120,2
479,babebini,"drama, chegou #emmys",777690329453629440,0
480,SierraMonetPeak,Thanks for listening! MVP. #Emmys,777690328967081984,6
481,AdaAltuve,AJA #Emmys,777690329667567616,6
482,PerateLuis,@dimefer_ OMG. https://t.co/pjD54MEw65,777690329835188224,4
483,ACPressSchweder,Key &amp; Peele winsüèÜ #Emmys,777690330095243268,2
484,flashcuster,devo ser uma das poucas pessoas que acham que a Rose McIver de iZombie merece uma indica√ß√£o por melhor atriz em s√©rie de com√©dia. #Emmys,777690330086969344,2
485,EmertainmentMon,.@KeyandPeele wins for Oustanding Writing for a Variety Series! #Emmys #Emmys2016 #EmmysEM https://t.co/mqLJQkEe6v,777690329336217600,2
486,AiletFlores,@Lavernecox  GODDESS üòç #Emmys,777690330346889216,6
487,marcosilvavini,Drama agr #Emmys,777690332435742720,0
488,taraknxwles,segura na m√£o de Deus e vai  #Emmys,777690332699983872,4
489,z3ktus,Draaaaama! #Emmys,777690332637106180,6
490,beckeye,Drama time!  #emmys,777690332943290368,0
491,JoeyPTK,RAMI ‚ù§‚ù§‚ù§‚ù§‚ù§‚ù§‚ù§‚ù§‚ù§ #Emmys,777690332590923776,3
492,JLMadridFederer,Rami!! #Emmys,777690333052178433,3
493,yahoo7be,@KeyAndPeele wins Outstanding Variety Sketch Series!  #Emmys https://t.co/dm2IC3LbXp,777690332523663360,2
494,NickFlora,Damon Wayans knows unfunny jokes become funny if you explain them afterwards. #Emmys,777690333161267200,6
495,RedHeadedStacey,ok.  let's do this. #Emmys #drama,777690332871917569,0
496,DessaCheu,DRAMAAAAAAAA AGORA VAI!!! #Emmys @papelpop,777690333165547520,2
497,UnknownPenguin,FOCUS!!!! #Emmys,777690333404540928,6
498,HayaGh_,ŸÑÿ®ÿ≥ ÿßŸÑŸÜÿ≠ÿßŸÅ Ÿàÿ¥ Ÿäÿ∑ŸÑÿπ ÿ∞ÿß ??? https://t.co/w8aLDwCQFw,777690332402163712,4
499,Mrohnoes,Finally time for the Drama nominees! #Emmys,777690333278707712,0
500,PaolaValorc,Drama! #Emmys #EmmysPorWarner,777690333404655616,0
501,jonsnowstilinsk,Winter is coming! Game of Thrones is my choice for best drama series in @CoxComm's #Emmys poll! https://t.co/4eLNt1qWVe,777690333392035840,5
502,lsja02,PALOO PALOOO PALOO https://t.co/rD63aauk7G,777690333329166336,4
503,wschreave,COME√áOU DRAMA AI MEU CORA√á√ÉO #Emmys,777690333740236800,2
504,TelevisionAcad,üì∑ #Emmys winner for Outstanding Variety Talk Series: Last Week Tonight With John Oliver! https://t.co/WmVKk5OfIV,777690333526290432,2
505,april_redmon,@BroadRunHS '87 Alum @pattonoswalt just won an Emmy!  Spartan Pride!   https://t.co/2etsYsVYN9,777690331814952960,4
506,TheEricGoldman,Mr. Rectify. #Emmys,777690334390132736,6
507,sensatebane,RAMI #Emmys,777690333836632064,3
508,AngelaCrisantes,Por fin dramaaaaüôåüèº #Emmys,777690334402797568,2
509,BenjaPL026,"Winter is coming! Game of Thrones is my choice for best drama series in @CoxComm's #Emmys poll!
https://t.co/Qo2T0StTlQ",777690334444851205,5
510,MBarone,"Does this KEY &amp; PEELE win at the #Emmys count as a kinda/sorta win for the horror community? Since, you know, Jordan Peele is a horror guy.",777690334285398016,2
511,alisonsmythe,Key &amp; Peele are hilarious--so glad for them #Emmys,777690336772501504,2
512,honey_besos,Laverne Cox looked amazing tonight !! #Emmys,777690336776818688,6
513,eged8,"aaaaand drama!
it's GoT time, bitch! #Emmys",777690336692998144,0
514,joshlicioso,RAMI &lt;3 #Emmys,777690337070419969,3
515,kisstniss,al√¥ al√¥ cite uma melhor #Emmys https://t.co/a1mPD6NQFS,777690337015959553,2
516,9reinos,MEU DEUS OBRIGADO https://t.co/4omvF9re1H,777690337108197376,4
517,elerdaniel,AGORA SIM PORRA DRAMA #Emmys,777690337435262976,0
518,starkIove,AGORA QUE COME√áOU A PREMIA√á√ÉO CARALHO #Emmys,777690337338949634,6
519,lienne11,#Emmys RAMIIII,777690337875820544,6
520,ahnahleesah,Rami!!!! #Emmys,777690338127335424,3
521,TheGameOfNerds,Drama time!! Give GoT all the awards pls #Emmys,777690337812836352,0
522,destak,N√£o deu para 'Lemonade'! #Emmys https://t.co/3eafeCwnP2,777690337015894017,6
523,sidnew47,We'd like to thank A-aron... #Emmys,777690337817030656,6
524,andres_lozano7,Key and Peele mejor programa de sketches #Emmys,777690338194558977,2
525,spankinstephiee,Omgsh Ramiiiiiiiii. He looks adorableeeeeeee üòçüòçüòçüòçüòçüòç #Emmys,777690337980678144,6
526,cellainthesky,GRA√áAS A DEUS AGR √â DRAMA #Emmys,777690338723033088,0
527,AybikeGizem,Jimmy Kimmel b√ºt√ºn √∂d√ºl t√∂renini sanki onu oraya zorla koymu≈ülar da sƒ±kƒ±lmƒ±≈ü gibi sunmaya devam ediyor #Emmys,777690338962071553,2
528,aaronghanistan,Rami Malek is so damn sexy. #Emmys,777690338827833344,3
529,cammiemark,Black love üò©‚ù§Ô∏è https://t.co/cAZyt0FHLz,777690337833725953,4
530,sandeep628,Pet peeve: having so many nominees for each award. Limit should be five! #Emmys,777690339184214016,6
531,cfoxx_90,Look at Rami! #Emmys,777690340744687616,3
532,josephespana,wyd #Emmys¬†? Grease Live? Really?,777690340966805505,6
533,shanii_x17,RAMI MALEK HEY BOO #Emmys,777690340786511873,3
534,slsmnds,Olha a√≠ o Raminho de voc√™s #Emmys,777690340987957248,6
535,arzonasloan,at√© que enfim drama ne  #Emmys,777690341076008962,0
536,niltesouro,"T√£o feliz pela Sarah Paulson ter ganho o pr√™mio de Melhor Atriz em S√©rie Limitada ou Telefilme, com certeza ela merece e muito #Emmys",777690340904009729,4
537,MahoganyPearl08,Woo-hoo!! Congrats @KeeganMKey and @JordanPeele!!! #Emmys,777690341046648832,2
538,TeIevizona,Key &amp; Peele vence como Melhor Programa de Esquetes #Emmys,777690341109592065,2
539,lordethe0ry,ETA PORRA √â AGORA #Emmys,777690341021474816,6
540,Una_EstefaMas,Por fin drama!!! #Emmys,777690340937625600,0
541,vogueaustralia,Key &amp; Peele wins the Emmy for Best Variety Sketch Series #Emmys. https://t.co/HgNcVO4Qsb,777690341113823233,2
542,Chief_nasty,I just stated watching the #Emmys and holy shit its bad. Jimmy have some fucking enthusiasm.,777690341428166656,6
543,KathyErdman2,Congrats @GoGrease #Emmys win tonight! üëèüëèüëèüëèüëè,777690341583400960,2
544,nicoleaguiar,Rami Malek amorzinho demais #Emmys,777690341352808448,3
545,JoeAlv,@reggieaqui the #Emmys are live on the West Coast?,777690341382115329,6
546,toopunkrawk,Ladinnifer Jadannison! #KeyAndPeele #Emmys,777690341700800513,2
547,malikah313BK,"""I love you Detroit."" - @KeeganMKey #Emmys",777690341503893504,2
548,getfirstlook,Big congrats to the smartest guy on tv! John Oliver at The 68th Emmy Awards - Show #Emmys #LastWeekTonight  https://t.co/SoZy4Khmc1,777690341952499716,4
549,jonjgc,#Emmys como assim minha m√£e n√£o ganhou? #Cancela https://t.co/pxeQlrZISj,777690340878852096,6
550,lizponce,Rami!!!! üòç #Emmys,777690342418030593,3
551,edileniatactuk,#Emmys,777690342468366336,6
552,hellomagUS,"""I wouldn't want to be those guys when Kanye finds out they beat @Beyonce"" - @jimmykimmel #Emmys https://t.co/wVbqvynead",777690343722614784,2
553,houseofmaximoff,AT√â QUE ENFIM CATEGORIA DE DRAMAAAA #Emmys,777690344032985090,2
554,pedrozado,"Depois de 84 anos, finalmente chegou Drama #Emmys",777690345261891584,1
555,beatleskins,to chorando N disse por onde https://t.co/93Fo8aQZeO,777690344859267073,2
556,iiurylima,AGORA SIM! DRAMA! #Emmys,777690345412947968,0
557,NicoleMarie815,Yaaassssss @GoGrease!!!!! #Emmys,777690345442250753,6
558,phelucax,RAMI &lt;3 #Emmys,777690345840734208,3
559,ninagoe,"Today's mood...
#picoftheday  #Emmys  #Sherlock https://t.co/mDLdDOzANZ",777690344817250305,4
560,IsaOlayo,Lo mejor para el final... Ya vienen las mejores categor√≠as üòÅ #Emmys,777690346176126977,6
561,facumariani_14,"Cualquiera el rubro ""variedad"" en los #Emmys aprovecho para lavar los platos mejor.",777690346247561217,2
562,amanimartin,Going out on top! https://t.co/iVG1MAqd95,777690345849102336,4
563,jaimedeeps,YAAAAAAAAAAS #KeyAndPeele!!! #Emmys https://t.co/SzemAtIlTz,777690345274499072,4
564,ranniery,√â hora e GoT levar tudo? #Emmys,777690345857515521,2
565,JessicaGoldstei,Rami! #Emmys,777690346167930880,3
566,calebtraitris,RAMIII MDS Q HOMEM #Emmys,777690346314731520,6
567,johntxrry,RAMIIIIIIIIII  #Emmys,777690346478239745,6
568,LionesLannister,Chegou a parte de drama üíö am√©m #Emmys,777690346197282816,0
569,soyeltero,@luladsh ac√° ten√©s a Kaleshi y a Sansa https://t.co/tUNLYGRc5q,777690346125987840,4
570,VitorHonorato97,Agora sim vem as categorias que importam. #Emmys,777690346763456512,2
571,poisonzisley,RAMIIIIIIIIIIIIIIIII #emmys,777690346960613376,4
572,xx_wilk,ALELUIA CHEGOU A MELHOR PREMIA√á√ÉO  #Emmys,777690346251808768,6
573,BrooklynGrl83,No wonder Beyonc√© skipped the #Emmys,777690347400986625,6
574,TannersDad,Hey #Emmys @LesterHoltNBC @realDonaldTrump @HillaryClinton @KellyannePolls https://t.co/2gCcoSl4et @NBC Debate Prep #OneIssue #SViY Politics,777690349212880896,4
575,pquaife,Another thing about #Emmys I can't take seriously is how the boring/stale Amazing Race always wins for reality TV &amp; no #Survivor nomination.,777690349238034432,2
576,abbymalds,Grease Live over Lemonade...r u serious? üòí #Emmys,777690349598674944,6
577,ABCTalkShow,#KeyAndPeele is hilarious and deserves much more awards!!! #Emmys,777690349556740096,2
578,Laupina_,"üíñüíñüíñYou're the winner of my heart, @portlandia . üíñüíñüíñ #Emmys",777690349473062913,6
579,lauriecrosswell,@richardroeper JASON BOURNE: GETTIN' EMMY WITH IT starring Matt Damon will hit theaters summer 2017. #Emmys,777690349707923460,6
580,NekoSmall_Lady,"AHORA SI NJDA, LO QUE TODOS ESPERABAN
#Emmys 
#Emmys2016 
#EmmysPorWarner",777690349976387584,6
581,ChrisThurgood77,Dad #Emmys,777690349733019648,2
582,TattleTailzz,Im sure the #beyhive helped the #Emmys ratings #beyonce,777690350328492032,2
583,LifeStories91,SHUT UP Rami Malek is on! #Emmys,777690350127165440,3
584,crazeerayzee,"His dumb ***would have said he created the emmys with his numb *** ""@TheRoyceMorgan: Glad Kanye wasn't there tonight #Emmys""",777690350504644608,6
585,Johnmarc,The dramatic music intro to each category is a bit much #Emmys,777690351020576768,6
586,qveencerseis,ODDIO GRAZIE FINALMENTE DRAMA #Emmys,777690350769041408,1
587,daylanelc,Dramaaa finalmente #Emmys,777690350991319040,1
588,larryplanetary,GRA√áAS A DEUSSSS #Emmys,777690350458695680,6
589,sicksaddaria,"El int√©rprete de @movistarplus sigue metiendo la pata con los #Emmys *sigh* ""beat"" significa que ganaron, no que pegaron a Beyonc√© üòí",777690350899040257,6
590,norwaniteam,DRAMA CHEGOU AM√âM AM√âM  #Emmys,777690350907523076,0
591,MeAndMyOthers,"Vamos que quiero saber si gana Arya, Cercei o Kalheesi!!!! #Emmys",777690350160838657,6
592,brendonwalsh,I don't like the looks of these two #Emmys,777690351259688962,6
593,aguschmidt,RAMI SALUDA A TU MADRE #Emmys,777690351075287045,3
594,TheFitFoodnista,LETS GO #GameofThrones #Emmys  #drama,777690351054172160,0
595,worldofdiana,Key &amp; Peele FTW! #Emmys https://t.co/p27pDl4z2o,777690351003926528,2
596,ItsSuelen,FINALMENTE DRAMA #Emmys,777690351343693824,1
597,forumpan,"Drama agora, amores. Chegou a hora da Tatiana #Emmys",777690351800836096,0
598,cscatiane,üòÇ https://t.co/mtZ9QJc87B,777690351410749440,4
599,AnthonnySanchez,N√£o foi dessa vez pra Beyonce #Emmys https://t.co/YrcSiYUct1,777690350316036096,4
600,marcusuntrell,@ItsRamiMalek! RAMI! RAMI! RAMI! #Emmys,777690351901499392,3
601,BreeeTurner,Tuned in to the #Emmys just in time to see Key &amp; Peele win!,777690353566486528,2
602,uncannyindigo,Big Red filter. https://t.co/ZBbIEACVw9,777690353306599424,4
603,tomscheeks,RAMI CUTIEPIE #Emmys,777690353616977921,3
604,marcvscastro,DRAMA FINALMENTE #Emmys,777690353826684929,1
605,ketlyngrezzana,SENSAAAAA! https://t.co/kVI7Ao6u6Z,777690353684054016,4
606,saizmueill,Susanne Bier gana el #Emmys de mejor direcci√≥n por The Night Manager. https://t.co/vxB549t9kS,777690352518107138,2
607,marcssants,"MEU DEUS, DRAMA AGORA #Emmys",777690354036404224,0
608,camcas9,Somewhere @Lin_Manuel is losing it for Tommy Kail #Emmys (via @morgalina_),777690353843384320,6
609,RamosComics,Check out DC Comics #Batman Adventures Annual #1 1994 3rd #HarleyQuinn FN-VF #Joker  https://t.co/7cx5z9RaT8 via @eBay #emmys,777690353348542465,4
610,Taisbgp,"N√£o consigo escolher entre a Viola e a Tatiana, por mim repartia o Emmy pras duas #Emmys",777690354216828928,2
611,1800miaa,RAMI FUCK ME #Emmys,777690354552147969,3
612,buckyndale,Rami √® un patato #Emmys,777690354153844736,3
613,alealier,Amy Schumer ignorad√≠ssima #emmys,777690354300641280,6
614,KoreyC76,Maybe if they cut out some jokes they would have time for their winners to speak.  #Emmys,777690354439127041,6
615,F_olimpio,Categoria Drama.... #tremendoJ√° #Emmys,777690354355171328,0
616,poproyaltystan,Rami again üôå #Emmys,777690354711535616,3
617,Frostbite___,Rami Malek!!! #Emmys,777690354879500288,3
618,felipemassad,DRAMA #Emmys,777690354598473728,0
619,Ella_Steph,DRAMA TIME! #Emmys,777690354862714880,0
620,nanaths_,Ya caaaasi. #Emmys,777690355411980288,6
621,doncosta_,ELLIOT EST√Å NO PALCO #Emmys,777690355357528064,2
622,nasuvi17,¬°SE VIENE EL DRAMA! #Emmys,777690355156287488,0
623,christoferguson,Glad Key and Peele got the Emmy on their final season. It was a quality show #Emmys,777690355181367296,2
624,KauannyTeixeira,Finalmente chegou a categoria que eu tanto estava esperando  #Emmys,777690355319922688,1
625,ShadFer,aye https://t.co/jpv6vpqWlZ,777690355713970176,4
626,bruunacezario,AAAAAAAAA RAMI MEU HOMEM #Emmys,777690356494245888,3
627,MBrodeur,Kinda bummed that Rami Malek's tux doesn't have a hood. #Emmys,777690357634969600,2
628,semeatk,"AGORA √â DRAMA, AGORA O BICHO VAI PEGAR #Emmys",777690357844865024,0
629,JustAboutWrite_,You bet your ass I immediately sat up straight (again) when I saw Rami Malek. #Emmys,777690357710594048,2
630,annepacaldo,#Emmys Tatiana please :(,777690356951478273,2
631,KendraAnn4,"I knew once Damon Wayans walked up ther, it was going to be Key and Peele. Well Deserved! #emmys",777690357794570240,2
632,tipespinosa,VEM TATIANA #Emmys,777690358377484288,2
633,PeedroGuilherme,cade game od thrones gente #Emmys,777690358180376576,5
634,MySweet_Time,"what if you won an emmy, but you were all the way in the back and the music started playing by the time you got on stage? ü§îüòÇ #Emmys",777690358595452928,2
635,Paulinamstv,ramiii &lt;3&lt;3&lt;3 #Emmys,777690358578835456,6
636,plz_think_1st,Please feel free to leverage your Constitutional rights to vote/insult in November! #POTUS #AmericaFirst #Emmys https://t.co/gwM2ia0Ztq,777690358478057472,4
637,Fortitude1913,How come they never realize they don't have to hunch over the mic to be heard? #emmys #KeyAndPeele,777690358268461057,6
638,sheliahoger,That was fun https://t.co/HbVLac1WJo,777690358847123460,4
639,historyofjess,I feel like the Drama category montage was 87% images of stunned blonde women. #Emmys,777690358767611904,6
640,Drogoluvsbubwit,Aunt and nephew :) #GameofThrones https://t.co/cgJfjZQdGt,777690359098769409,6
641,marcelogcsilva,EITA QUE AGORA √â HORA DA VERDADE: Categorias de Drama #Emmys,777690359052861441,0
642,rodrigo1993,#Emmys Key and Peele with Damon Wayans doing that dance was hilarious. I need a Gif!,777690359950303232,2
643,FuckLaury,Remi Malek Maravilhoso #Emmys,777690359581315072,2
644,__Fabiana___,Basta con tutti questi premi INUTILI! #Emmys #Rai4 https://t.co/LlCBzXpAsj,777690358654365700,6
645,neon2glitter,Stunning and one of my favorite best dressed actresses @IMKristenBell #gorgeous #Emmys https://t.co/b5YwGERW7o,777690359279263744,4
646,RobMRosenberg,"Somewhere in Hollywood, Mario Lopez is doing a celebratory line off of Jan Brady's ass cheek. #GreaseLive #Emmys",777690359669198848,6
647,Saluteirando,Agora a porra ficou seria !!! #Emmys,777690360478851072,6
648,healydirtyshirt,AI JESUS TE AMO RAMI #emmys,777690361649041408,2
649,deborarte2012,"Se viene el drama... si no gana Tat, claro #Emmys #UnEmmyParaMaslany",777690361821036545,0
650,santlarents,RAMI MEU AMOR #Emmys,777690361904898052,3
651,_Com4tablyNumb,"a√≠ categoria Drama, vai come√ßar o sofrimento #Emmys",777690362114560000,0
652,pusheddedicate,I wish people on any of these awards shows would realize the mic pulls sound quite well so there's no need to bend over lol #Emmys,777690361988775937,6
653,alicialutes,It is NOT OK that Beyonc√© lost IT IS NOT OKAY I AM NOT OKAY. #Emmys,777690362320068609,6
654,drgoddess,"Congratulations to #KeyAndPeele. A well-deserved award. Also, shoutout to @BaracksFlagpin for influencing ""Angry Obama."" Ahem... #Emmys",777690362089447424,2
655,_kellyduarte_,Wagner Moura foi nomeado? #Emmys,777690362081058816,2
656,daniellenixon,HOW IS THAT EVEN POSSIBLE!! https://t.co/7egce5WbTm,777690362064150532,4
657,tvadikto,"Comienzan las √∫ltimas categor√≠as: Drama.

#Emmys",777690362106314752,6
658,jwshifer,Chegou os drama T√î NERVOUUUSSAAA #Emmys,777690362135609344,0
659,TriviaMail,Rami Malek no palco dos #emmys Acordamos!,777690362508869632,2
660,TWEPcast,"Ah, the #GoT category. #Emmys",777690362932375552,2
661,Bretana_,Why they got my dude Jordan sitting all the way in the back like that? He is just as funny as Keegan. #Emmys,777690362701877250,6
662,louistty,FINALMENTE CATEGORIA DRAMA #Emmys,777690362731257856,1
663,svrawxz,"i really hope he win üíôüíô#Emmys
  https://t.co/yMkj3QH6s7",777690362672480256,4
664,smoakliars1d,ENFIM DRAMA GLORIIIA #emmys,777690362987044865,0
665,ThoughtsByJilly,"Pshhh @billyeichner is too good for you anyway, #Emmys #BillyOnTheStreetSnub",777690363825823744,4
666,lindseyjoy09,That one time last year we brought a football into our #Emmys @enews 360 Glam Cam üèàüíÉ https://t.co/7MR1PyKIH2,777690362429276161,4
667,AnthonyS0210,DRAMA!!  #EMMYS NERVIOS!!,777690364509507584,0
668,drunkardashians,"lemonade perdeu 
caralho jay z cade teu cheque??  #Emmys",777690364228632577,6
669,93adventures,BEYONCE WAS CHEATED GOODBYE. #emmys I watched for NOTHING. https://t.co/MoUnMWCh5V,777690362915598336,4
670,QueenofPopney,Yes the drama categories now #Emmys,777690365897965568,0
671,yangstigram,#Emmys @abigailspencer forever.,777690366686310400,6
672,dxnllanx,tenia que hacerloüòç #emmys https://t.co/cDNuxlGSp4,777690364727664640,4
673,MZGunter,"Grease Live won because of the difficulty in live direction, but create a separate category if you‚Äôre awarding how it was done. #Emmys",777690366640357376,6
674,salvelegiao,Chegou a minha parte preferida: drama. #Emmys,777690366896115716,0
675,shakaplan,Jeb Bush might have a career in comedy ... and that's not a joke. #Emmys,777690366879293440,6
676,NylonMag,"We're gonna let you finish #GreaseLive, but @Beyonce had the best Outstanding Variety Special of all time.
#Emmys https://t.co/cdop7gDRhI",777690365793017856,4
677,achroul,RAMI GIOIA #Emmys,777690366954921984,3
678,jssndnts,FINALMENTE DRAMAAAA #Emmys,777690366740946944,1
679,awardsfun,"Key &amp; Peele win 2016 Emmy for best variety sketch series, watch their hilarious Game of Thrones sketch
https://t.co/SQQRqLFeh8 #Emmys",777690367210639361,2
680,25shadesoffeb,Rami blessing my scene. Thank you #Emmys,777690367345000449,3
681,lRONMARVEL,VAI GOT AM√âM  #Emmys,777690367261040640,2
682,artkid101,#KeyandPeele for the win baby!!!!! üéâüéäüéâüéäüòÇüòÇüòÇüòÇ #Emmys  #Emmys2016,777690367525265408,4
683,FrankiTheB,"There was a very clear ""In Living Color"" to ""Key and Peele"" acknowledgement/handoff on stage, and I'm into it. #Emmys",777690367130935296,2
684,anjollg,DRAMA EU VOU TER UMA S√çNCOPEWKJFELKFSDJV #emmys,777690370205417472,6
685,iceolating,I knew Key&amp;Peele would win. Well done. #Emmys,777690370264141825,2
686,tequiladojamie,QUE VESTIDO LINDO #Emmys,777690370415157250,2
687,svantse,Qui√©n es esa loca #Emmys,777690370373279744,6
688,flickprojection,"Finally drama, leggo Rami #Emmys",777690370037706752,0
689,rustyk5,‚ô•Ô∏è‚ô•Ô∏è‚ô•Ô∏è https://t.co/gQQULbV2Ym,777690369987411968,4
690,dremacedo,Finalmente drama #Emmys,777690370595586048,1
691,LuuanRamos,Rami Malek no palco silencio com os olhos bugados #Emmys,777690370654306305,2
692,realstuffsuckss,NOSSA ATE QUE ENFIM #Emmys,777690370545184773,6
693,beatrixfuriosa,I LOVE HIM!!!!!!! https://t.co/uiLNNgfED5,777690370796683264,4
694,HistGeekGirl,@DowntonGabby She tried... and got cut off. #Emmys,777690370566127617,2
695,ApenasBruno,#Emmys OLHA O RAMIIIIII,777690371149017088,2
696,mchlmoreira,Chegou a louca do xanax #Emmys,777690371384115201,6
697,michaelpfvr,disppointed but not surprised https://t.co/VLwNOQ5Zk1,777690371241418753,4
698,MicheeelMoreira,Michael Kyle entregando pr√™mio hahaha #EmmyNaWarner #Emmys,777690371635679232,6
699,batvengers,O DOCINHO CHEGOU #Emmys,777690371908259840,6
700,rosemontag_,"I just feel so, so blessed that Rami Malek has an identical twin. #Emmys",777690372243853312,2
701,BigSprat99,Is that his mom? They look identical https://t.co/mOviMPQI9t,777690372193394689,4
702,iTweetuSleep,They so petty with the music though üò≠ #Emmys,777690374038958080,6
703,ffoggynelsons,love seeing rami malek on my tv screen #Emmys,777690374563254272,2
704,kcolaizzo,Winter is coming! Game of Thrones is my choice for best drama series in @CoxComm's #Emmys poll! https://t.co/97yLjQVB00,777690374496104448,5
705,orianaflaquer,Vamos #TommyKail !!!! GENIO que arrasa con @HamiltonMusical Y ADEMAS con la genialidad de @GoGrease !!!!!! #Emmys #lacosaemmy,777690374500483072,6
706,GossipCop,#Emmys LIVE STREAM -- WATCH HERE! https://t.co/FWOvg1yXeA,777690374399635456,6
707,MariangelaAbeo,"**In a world...where Greece Live wins awards over Lemonade..and Trump could be president..."" - yup our world is a bad movie. #Emmys",777690374978494465,6
708,Jkaaique,agora o bagui fica doido #Emmys,777690374861094912,6
709,mrdoc,"Beyonc√©: Did I win any Emmys or nah? 

Emmys:we can't say yet.

Bey:tell me now before I show up!

#Emmys: sorry bu- https://t.co/KjIuh9lRAE",777690373971963904,6
710,reagan0718,@patmccrorync arn't U so happy to C a #transactress at the #Emmys ?  @Lavernecox UR a #beautiful #woman #thankyou‚ù§‚öß https://t.co/02tTVCGhEc,777690373397282816,4
711,_KENNEDYKFB,Seria meu sonho? Jon Snow e Khaleesi juntos! üòç #EmmyNaWarner #Emmys https://t.co/LjEfF1IRIg,777690374865379328,6
712,whatsliars,√â AGORA O G√äNERO DE DRAMA EU TO TREMENDO #emmys,777690375058288641,0
713,vicstpa,RAMI MALEK DIOSSSSSSSSSSSSSS #Emmys,777690375737765888,3
714,TodosNetwork,How #Emmys winners #KeyAndPeele ushered in a cable comedy boom https://t.co/5xdeshfiJJ https://t.co/xaILPAWcET,777690375444164608,4
715,panicscott,Rami Malek √© muito lindo cara #Emmys,777690375943294976,2
716,_julianabp,DRAMA! Vit√≥ria do povo de Deus! #Emmys,777690376043950081,0
717,weldon_fionn,How tf did Lemonade lose to Grease? #Emmys,777690376085893120,6
718,whoismrrobotbr,Rami Malek est√° apresentando a categoria #EMMYS,777690375905538048,3
719,sofrega,Finalmente drama. #Emmys,777690378250190852,1
720,FilmPopCulture,LOL https://t.co/1H5J2c1Nhp,777690378380021760,4
721,miguelolivera_c,Empezo el drama. Vamos #GameofThrones  #Emmys,777690378413760512,0
722,ItsBieberEra,"nypost: Matt Damon: ""Hey Jimmy, tell your mom I like them apples!"" #Emmys https://t.co/oTQRv1BxTU",777690378875113472,4
723,josef_kristian,"Rami Malek in that white suit, OMG! #Emmys",777690379428638720,2
724,Careful4Sarah,My husband RAMI!!! #Emmys,777690378984165376,3
725,thezwolfie,Last part of the night: Drama let's go! #Emmys,777690379298611200,0
726,ViolaDavisBRA,"√â agora, mores. Vamos torcer. #Emmys",777690379260989440,6
727,IGAlexia,OMFG üòçüòçüòçüòçüòç the bae @ItsRamiMalek #Emmys,777690379382435840,6
728,KingOfHotTopics,They saved a seat for her and all... I MEAN she was totally supposed to be there. I'm so clueless... #EMMYS,777690379290288128,4
729,TaynaYagami,Winter is coming! Game of Thrones is my choice for best drama series in @CoxComm's #Emmys poll! https://t.co/x9XyQZ69rC,777690379059597312,5
730,RenanLorenzatto,"Agora sim que eu vou me decepcionar para valer 

DRAMA #EMMYS",777690379630047232,0
731,TheZachVan,Loving all the POC/LGBTQ recognition this year. #Emmys,777690379663446017,2
732,joeybagovdonuts,wow rami malek looks normal #Emmys,777690379743289344,3
733,Colleenhaha,RAMI YOU BEAUTIFUL WEIRDO #Emmys,777690379273510912,3
734,LuisAlbertoQh,Lemonade &gt; #Emmys,777690379931967493,6
735,candyymanx,RAMI DONO DO MEU CU #Emmys,777690379638439936,2
736,guilloleoz,AH√ç EST√Å EL FAN DEL FERNET! #Emmys,777690379860733952,6
737,DuaneBurge,Beyonc√© didn't win ... #Emmys üôÑ https://t.co/KlBxcbr56I,777690378866561024,4
738,ZacharySRosen,"I LOOKED INTO THE WINDOWS OF HER SOUL. OFF THE CHAINWAX. HARDUNKICHUD.  

YES. https://t.co/NJMLK3DJWc",777690382477950976,4
739,heroitismo,vanessa https://t.co/BxpA2Gbdb3,777690382058528771,4
740,UnicornDeMilho,"FINALMENTE SUAS PIRANHAS, FINALMENTE O DRAMA #Emmys",777690382754775040,1
741,AranzaesV,ahora empieza la cosa #emmys,777690382796722176,2
742,Prasemprebey,foi confirmada a presen√ßa de Beyonc√© no emmy e eu ainda estou esperando essa vagabunda aparecer #emmys,777690382838730752,4
743,ShakeetaMarie,That was awkward. #Emmys,777690383115546624,6
744,kainoax,i want to be in this sandwich https://t.co/n1a6rQ4N6N,777690382763032578,4
745,EnchantressQ,Was The Wiz ever nominated @ the #Emmys ? B/c.....,777690383207718912,6
746,coolbreeeze_,I want Rami to read me a book. #Emmys,777690383446790144,3
747,GodIgetitnow,@checked_reality @ABCNetwork Oh please GNüí§üò¥üí§ #Emmys #LGBT,777690383006531584,6
748,behbastos,Chegou a hora que importa n√© pessoas?  #Emmys,777690383274893312,6
749,Erick_Matheux,"E o Emmy de melhor drama vai pra mim 
#Emmys",777690383488839680,2
750,NerdHeather,Hey #Emmys your music is bumming me out,777690383685865472,6
751,damnitnorman,chegou o drama..........agora quero ver o circo pegar fogo #Emmys,777690383753117700,0
752,fcamargomello,"Gente, a Lena Headey e a Tatiana Maslany ganhando eu n√£o ligo para quem perca ou ven√ßa. #Emmys",777690384034062338,2
753,Lisa_NGTV,üòÇüòÇüòÇ RT @damianholbrook: Grease Live has been the whitest winner of the night. #Emmys,777690384201691136,6
754,Bonneykate,"Agreed, 1000% https://t.co/tZtuFt6J8E",777690383606247428,4
755,thinkingofvick,Am√©m drama #Emmys,777690384294146048,0
756,JustMaff,¬°Se vienen las categor√≠as de #GameOfThrones! #EmmysPorWarner #Emmys,777690383732076544,6
757,SraJungkook,Eu esperando GoT arrasar com as outras series hoje no emmy hahha #Emmys #EmmyNaWarner https://t.co/EIGrQwrWN8,777690383555948549,2
758,magnifier661,"The #Emmys for scariest eyes in lead role in, ""Hillary, I will kill you"" goes to... https://t.co/rA1MQ2p2UJ",777690383799099392,4
759,IsadoraCgn,Meu boo no palco #Emmys,777690384826793986,2
760,buzzlightmeryl,"Again, I'm not OK with how #GreaseLive got more nominations than #TheWizLive when we all know which was the better live musical #Emmys",777690385149812736,6
761,AkilahObviously,OMG MR. ROBOT I LOVE YOU PLEASE GIVE ME A HUG. #Emmys,777690385392873472,6
762,buttagal,MR ROBOT!!!  #emmys,777690385095294977,6
763,_GinevraWeasley,She knows. https://t.co/GFFxGLXwRC,777690385225089024,4
764,pussystopher,Pessoas que assistem Orphan Black e sabem que a Tatiana merece o #Emmys me adicione,777690386835902468,2
765,ClassicMP,Well that music was appropriate to announce the Drama category #emmys.,777690386991054848,0
766,starkingsx,RAMI SOCORRO #Emmys,777690387435651072,3
767,thewlkingdoctor,RAMIIIIIIIIIIIIIHDHDHDJHDD #EMMYS,777690387246907392,6
768,montsebernalg,"Ya viene el segmento de Game of Thrones

#Emmys",777690387783688192,5
769,IshaThorpe,The BeyHive on their way to the #Emmys because of Beyonce's Lemonade snub https://t.co/y6kqoNKQEv,777690386844246016,6
770,DontCallMeLex_,GAME OF THRONES BETTER WIN EVERY AWARD #Emmys,777690388362518529,5
771,RabbiJason,Great DETROIT shout out by @KeyAndPeele! #emmys #emmys2016 @KeeganMKey  @JordanPeele #detroit #thed #KeyAndPeele,777690388698062848,2
772,beyoneeche,Black folk be winning today! #Emmys,777690388450639872,6
773,beeancah,üëèüëèüëèüëè https://t.co/bXjFHQZA6U,777690388727341057,4
774,OMGFacts,Key &amp; Peele almost called their show Beige...we're thinking they made the right decision. Congrats guys! #Emmys https://t.co/Fjm16oGfmq,777690387389435904,2
775,jwdmeow,"People are bashing Grease winning over Lemonade, but... there were like 7 directors. 2 of them not winning best director makes sense. #Emmys",777690388605698048,6
776,heyitsnathi,FINALMENTE CHEGOU OS DRAMAS QUE TODO MUNDO AMA #Emmys,777690388979150848,1
777,ThePaganKnight,Apparently there is some small awards show going on? #Emmys ? Huh...üòû,777690389071421440,6
778,sassrnach,DRAMA FINALLY #Emmys,777690389302087680,0
779,softspokn1,Way to go A-Aron! @KeeganMKey @JordanPeele  #Emmys,777690389381873664,2
780,igaozim,AI JESUS https://t.co/A32MJRmCfO,777690389419556865,2
781,zatannav,"VAMO, EU QUERO SOLTAR MEU RASCUNHOS QUANDO A TATIANA GANHAR #Emmys",777690389763555330,2
782,CandyceLA,#GameofThrones and Viola Davis time! #Emmys,777690391084752896,6
783,dannamagno,Agora vem GoT pra quase tudo #Emmys,777690391508295680,2
784,AcaneladoVzla,T√∫ tan #MattDamon con su manzana en pleno escenario y yo con tantas ganas de comer un roll de #Acanelado #Emmys https://t.co/YrYF5AtyQZ,777690389864120321,4
785,Renua_,Rami Malek fuck me #Emmys,777690391780950016,3
786,tmtweetz,#KeyAndPeele #Emmys winners.,777690391818727426,2
787,tayna_dm,Winter is coming! Game of Thrones is my choice for best drama series in @CoxComm's #Emmys poll! https://t.co/F9PSw7kXtD,777690391860641792,5
788,niaznigg,"DRAMA, AM√âM #Emmys",777690392091365376,0
789,kevinbrandaom,SIM https://t.co/1At2dc2o9f,777690391801888768,4
790,WonderWomanova,kkkkkkkkkkkkkkkkkkkkk https://t.co/XPJz7wpW2Y,777690392024285184,4
791,KellyRamsawak,Just stop EW.... #stop https://t.co/xRPFs9qmo3,777690392041025537,4
792,_PietraCarvalho,"Ai, se o Rami t√° a√≠ quer dizer que ele perdeu. Chorei #Emmys",777690392380801024,2
793,wtfjonatto,AGORA SIM CHEGOU DRAMA  #Emmys,777690392359829504,0
794,phrozenthunda,He's so funny looking cute. #Emmys,777690392724705280,6
795,ali_morton,Finally the drama category #GameofThrones  #Emmys,777690393446088705,0
796,BunchOfGrace,Dave Benioff &amp; Dan Weiss were the first to stand up for Key &amp; Peele's win. Apparently they do have hearts. #Emmys #GoT #KeyAndPeele,777690395211919360,2
797,AliFinNoble,Congrats @LastWeekTonight @iamjohnoliver for the #Emmys talk bout #kratom ban It might save lives #IAmKratom https://t.co/WqaL6x3wN1,777690395211763712,4
798,InHollywoodland,Rami! #Emmys,777690395073445888,3
799,girlmardybum,ALELUIAAAAAAA #Emmys,777690395589378048,6
800,cytheria21,It seems like the get the fuck off the stage music is really making a comeback. #Emmys,777690395522265088,6
801,oteroange,Empieza lo bueno: Drama #Emmys,777690395312529408,0
802,Drunkbyonce,"agora vamos ao DRAMA que √© o que importa, vem GOT e viola. beyonce que se lasque. #Emmys",777690395346165760,2
803,taraflanagan,Jeez these category changes are intense #Emmys,777690395719430144,6
804,Khaleesi_Dracar,"@baterianakama 
A mi me gust√≥ la serie completa.
Benedict se sale!
#Emmys",777690395744595968,4
805,patronoreasons,tava quase dormindo ouvi rami malek ate acordei #Emmys,777690395702616064,2
806,fangirl_es,Viene ahora si el Drama!! #Emmys,777690395543121920,0
807,MACtheSPORK,Want to wear a white tux sometime #Emmys,777690395626971136,6
808,vigilianerd,Chegamos a categoria #Drama. Agora vai bombar! #Emmys,777690396138827776,0
809,AddryDiaz_C,AL FIN LA CATEGOR√çA DE DRAMA #Emmys,777690396344262657,0
810,nathie_sousa,"Agora sim, s√©ries de drama. VAMO L√Å GAME OF THRONES #Emmys",777690396373680133,0
811,KYgal_Heather,"When I see #DamonWayans I still think of him doing ""Men On Film"" üòÇüòÇ #TwoSnaps #Emmys",777690396709285888,2
812,karevanatomys,VEM RAMI MALEK https://t.co/5pmBjuE5dL,777690396080177153,2
813,RoxieKat,Rami!!!!!  #Mrrobot !!!    #Emmys,777690396935725057,3
814,ItsAj_cole,I'm still not over that Beyonc√© snub.. that just was utter disrespect. #Emmys,777690396948307968,6
815,Nokyam1,CHEGOU A CATEGORIA DE DRAMA CARALHO EU TO NERVOSO DEMAAAAAAIS #Emmys #EmmyForMaslany,777690397640429568,0
816,TMZinArabic,"ÿ¨ÿßÿ¶ÿ≤ÿ© ÿ£ŸÅÿ∂ŸÑ ŸÖÿ≥ŸÑÿ≥ŸÑ (ÿ≥ŸÉÿ™ÿ¥) ÿ™ÿ∞Ÿáÿ® ÿßŸÑŸâ: Key and Peele! 
#Emmys https://t.co/GvI5p7zkgt",777690396507897856,4
817,cocobttrdiaries,His face is just a lot to handle #Emmys,777690399414505472,6
818,nz_mariaa,"MY OTHER HUSBAND, Rami Malek #Emmys",777690399221645312,3
819,crystal_formica,Ahhh here we go!!! #DRAMA #Emmys #Emmyformaslany,777690399452332032,0
820,triplefnh,"Key &amp; Peele, bitches! #Emmys",777690399582269441,2
821,dabacani,@ItsRamiMalek YESSS SMOL BOY #Emmys #Emmys2016  I'M SO!,777690399423037440,6
822,marvelswz,to so esse gif https://t.co/LnjmIdo6IK,777690399125172224,4
823,ClillaryHinton1,"So many people that I have fake relationships/friendships with won Emmys. Super happy for them, I'm such a good fake friend! #Emmys",777690399443935232,2
824,RobertPalacios2,Can someone get that video up of Matt Damon at the #Emmys I would really appreciate it,777690399976493056,6
825,mile_rodz,Siiiüòçüòç https://t.co/qF3gPi8wwU,777690399443939329,4
826,curotodavid,Yo ahora mismo viendo los #Emmys https://t.co/PJGR042IGA,777690397963350016,4
827,Melqqqq,"CARALHOI
#Emmys",777690399725019136,6
828,whoselis,Agr vem a categoria marina joice #Emmys,777690400211558400,2
829,Jessi_Fandi,Por fin üôåüôåüôå drama! #Emmys,777690400253501440,0
830,LucianaArguello,Es que los amo. https://t.co/IwtjKgS7cD,777690400148586496,4
831,calamitykiki,RAMIIIIII ‚ù§‚ù§‚ù§‚ù§‚ù§‚ù§‚ù§‚ù§ #Emmys,777690400467390464,2
832,asdruboi,"I can already see #KanyeWest tweeting: ""#Beyonce directed the best special of all time"". #Emmys #NoLoveForQueenBey",777690400530296836,6
833,ShakariSBriggs,When is Tori Kelly performing?!? #Emmys,777690400635097088,4
834,Kerrin_N_Coke,But let's revisit... How did GREASE Live beat BEYONCE GISELLE KNOWLES-CARTER? @TheEmmys #Emmys,777690400786186241,6
835,_Mayrazaracho,"Vamo drama carajo, al fin #Emmys",777690401121665025,0
836,Mariel_VL,‚ù§ https://t.co/fWzJpGTxWT,777690400936988677,4
837,DivulgacoesLisa,O CA√áADOR DE FADAS https://t.co/tQkzQCFW76 #Emmys #Fant√°stico #CerimoniaDeEncerramento #PanicoNaBand #Fant√°stico https://t.co/L24SXsbgY0,777690400425476096,4
838,anthonyandmore,Who else even makes sketches? https://t.co/WVQtzSU1BO,777690401343844352,4
839,CrueladeVil61,Lleg√≥ el momento de Drama #Emmys venga GOT,777690403793358849,0
840,rainequeim,RAMI MEU HOMEM #Emmys,777690403860611072,3
841,FLYXMEDINA,quem ama o rami da rt quem nao ama s√≥ olha e me responde serio: como vc consegue? #Emmys,777690403797602304,2
842,heeyDaniele,Ramy ‚ù§‚ù§#Emmys,777690403927711744,2
843,Nantuca_,Mr robot...me come #Emmys,777690403868925952,6
844,allexm7,abigail sdds dela em suits #Emmys,777690404003180544,2
845,allxnoir,Rami is sooooooo cute may he win tonight. #Emmys,777690404456165376,3
846,thelowdownunder,GREASE!: LIVE wins OUTSTANDING DIRECTING FOR A VARIETY SPECIAL #Emmys #Emmys2016 #GreaseLive,777690404753780736,6
847,MeredithBlake,"Just gonna leave this here, because it still makes me ugly-laugh #Emmys https://t.co/NRbwcV88zh",777690404418383872,4
848,DxnnielHD,Esta entrega me ha gustado m√°s que la del a√±o pasado #Emmys,777690404602912768,6
849,bryansujoreal,CHEGAMOS AO DRAMA SIL√äNCIO TOTAL PODE ENTRAR GAME OF THRONES #Emmys,777690404376416256,6
850,neilke93,I CALLED IT A YEAR AGO!!!! Congrats @LastWeekTonight @iamjohnoliver. You clearly deserve the #Emmys. https://t.co/NQ4ECjQJne,777690404741263360,4
851,skywalkerskwad,MICHAEL RICHARD KYLE NO EMMYS N√ÉO CREIO #Emmys https://t.co/5Nr7ktfwTB,777690404275810304,6
852,messi_master198,Whoop whoop #Emmys,777690405274021888,6
853,laughriverasm,QUEEN https://t.co/tUamedskmQ,777690405307506688,4
854,KevinAllred,ok. everyone. grab a bat. they snubbed Beyonc√© and #Lemonade at the #Emmys... https://t.co/9VoiLrdcaE,777690402874880000,6
855,gameofmurdock,SCRR #Emmys,777690404854661120,6
856,kaystermilla,"""Tweet With #Emmys To Get""  ....WHAT???",777690405487935489,6
857,HIL_TONamerda,OLHA O MEU MARIDO LACRA A PORA TODA RAMI #Emmys,777690407857754112,2
858,jennessalever,Finally made it to Drama. Bring on the #GOT #Emmys,777690408302350337,0
859,gustoleao,rami malek üíôüíô #Emmys,777690408033914880,3
860,BURTV0N,GOT GOT GOT GOT GOT  #Emmys,777690408449105920,2
861,anywayimallyson,I keep seeing my favorite people stage. Yes to @KeyAndPeele!!! #Emmys #Emmys2016,777690408532975616,2
862,VokoleeMusiko,What is life?? https://t.co/uNITCnYLFv,777690408243568640,4
863,avengerizada,Rami sempre fofo #Emmys,777690408520417280,3
864,feepineda,Caguetaram pra Beyonce que ela n√£o ia ganhar e ela nem se deu ao trabalho de ir? kkk #Emmys,777690408642043904,6
865,inspiredbyjap,BEST VARIETY SKETCH SERIES: KEY &amp; PEELE https://t.co/CEGIReUxeE  #Emmys Congrats to #KeyAndPeele,777690408507756544,2
866,YoshiMakishi,Rami Malek is bae #Emmys,777690408713351168,3
867,donnaicah,Rami sul palco e io quasi dormo. EH NO #Emmys #Emmys2016,777690408906285056,6
868,MrPug94,Congrats #LastWeekTonight ! keep the focus on Big Pharma! There's much more of a story to tell!!! #Emmys https://t.co/yYxPbc8QUL,777690407970803713,4
869,MandaAiley,"Happy Key &amp; Peele won for their final season. Also, go watch Keanu. It was hilarious. #Emmys",777690408935682048,2
870,BrLovers,agora come√ßa as melhores categorias #Emmys,777690408935628800,2
871,heykluh,RAMI!!!!!!! #Emmys,777690409619169280,3
872,dinahlawrel,OI SCOTTIE CADE O HARVEY #Emmys,777690409581641732,6
873,bethvonbehren,Best win of the night so far: John Oliver!!! Please play me off...I hope he gets to do it many more times. #Emmys,777690409812189185,4
874,girlsadz,"Surtei sim,eu amo esse homem #Emmys",777690409778708480,2
875,b1ntini,duh!!! https://t.co/1n2F82YQ5W,777690409493561344,4
876,putsrafaj,MALEK ME MATA DE ME FODEEEREE #Emmys,777690409745125376,2
877,imjasongoldberg,Tfw you're now forced to consider a Ryan Murphy project to get EGOT #Emmys https://t.co/4foxC4ccY9,777690409157922818,4
878,Rauliten,"Ahora si, se viene la parte ""pepa"" de los #Emmys",777690409271193604,6
879,Cfenix95,Ay mi Rami que guapo est√° #Emmys,777690410311294976,6
880,jamdownrocks,Rami with his adorable self! #Emmys,777690410131025920,3
881,SebisLombardo,"Che, ac√° sortean algo que hay tantos tuits? #Emmys",777690410261082112,2
882,Marco_Guida,Finalmente chegou os dramas #Emmys,777690410395238401,1
883,daay_k,Voc√™s ligados no #Emmys e eu cantando muito com Marilia Mendon√ßa e Sorriso Maroto.,777690412005859329,6
884,babexhoney,I REALLLLLLYYYYYY want Rami to win. #Emmys,777690412324573184,3
885,nicole_n25,QUEEEEEEE https://t.co/2CcHLZSgSO,777690412110708736,4
886,foulmouthgirl,Grease Live Directors just beat Chris Rock who Directed Amy Schumer Live @ the Apollo. I'll just leave that there #letthatsinkin #Emmys,777690412211376128,6
887,yasmim_ppaiva,"√â agoraaaaa
#Emmys #EmmyNaWarner",777690412442148865,6
888,abc3340,@KeyAndPeele wins for Outstanding Variety Sketch Series! #Emmys,777690412115001344,2
889,cmondepp,AI MEU JESUS!!!!! #Emmys,777690412890939392,2
890,AnneWestcarr,Rami &lt;3  He's so adorably strange.  #Emmys,777690412882415616,3
891,Lindamedvene,Congratulations to Mark Burnett on winning an Emmy for The Voice!!!! üèÜ#emmys #styling #winner‚Ä¶ https://t.co/LUTyF4Q06q,777690412173570048,4
892,natybu,Se viene el drama en los #Emmys !!,777690413046042624,0
893,KORDEYONCE,DRAMA MDS #Emmys,777690412983066625,0
894,Jack_marajTMUK,It's over it's cancelled  https://t.co/tM3WpwhIDP,777690413113171968,4
895,joseswalls,üëç https://t.co/eBkgzKw5w3,777690412937019392,4
896,rolandovaldz,I voted for #MrRobot to win ‚ÄòOutstanding Drama Series‚Äô at the 2016 #Emmys. Place your vote with @OSN. https://t.co/aTcuLqCHEY,777690413004185600,4
897,cakedopeeta,QUERO VE GOT PORRA #Emmys,777690413591367683,2
898,edsmeatsix,RAMIIIIIIIIIII #Emmys,777690413482336261,2
899,DQ_the_Man,Congratulations to you guys. #GreaseLive rules!!! #Emmys https://t.co/VUrG3yP1qB,777690413075398657,4
900,debnamaslny,RAMI AAAAA SVSJS #Emmys,777690414354669568,3
901,josephespana,wyd #Emmys? Grease Live? Really?,777690416699183104,6
902,twrkvarow,DRAMA #Emmys,777690416196050944,0
903,theenemybase,Yay #KeyAndPeele won for Outstanding Variety Sketch #Emmys #Emmys2016,777690416669941760,2
904,_mavib,Se luci√≥ üíï https://t.co/aEMik4mTZy,777690417227718656,4
905,NostaGambino,Rami so cute #Emmys,777690417273987072,3
906,franglophonic,Keegan-Michael Key with the first shoutout to craft services I can remember from an #Emmys show.,777690417533968384,6
907,EgoMania4T,Congratulations! Key and Peele #Emmys,777690417508777984,2
908,Little_Diamond9,Laverne Cox and Sarah Paulson looked stunning at the #Emmys,777690417731145728,4
909,juubsms,Essa foto aumentou mais ainda meu amor que tenho por eles https://t.co/xHwJz64mjK,777690417638805504,2
910,banheirinha,"Agora ficou interessante com ""drama"" #Emmys",777690418909683712,0
911,TTMobile_ve,"TT VENEZUELA 22:06
1.#Emmys
2.#QQSM
3.Sarah Paulson
4.#LaMUDnoSirvePaUnCo√±o
5.#SiSeGanaConNitantukky
6.#ShirleyConVaccarella",777690419194949632,6
912,rvncrtz,Ang liit lang pala ni Rami Malek ano? #Emmys,777690419593351168,2
913,LBright94,I'm starting to pace around my apartment waiting for the Drama category to start. #Emmys #EmmyForMaslany,777690420729880576,0
914,ingrittysr,"Esse Michael Kyle ops Damon Kyle. √â demais, sou f√£ desse homem #Emmys",777690420562329600,6
915,sunoppositemoon,I feel like Rami is roooollllliiiiinnnnnggggg. He's on planet Neptune for sure. #Emmys,777690420516118528,6
916,barbarabatistax,"@ItsRamiMalek is my male celebrity crush üòç Don't ask me why, he just is. ü§ó #MrRobot #Emmys",777690420532875264,6
917,efronerd,Finalmente drama! #Emmys,777690420293857281,1
918,klcones88,FINALLY! Time for the important awards üòâ #Drama #Emmys,777690420901916672,0
919,RochiRosasPaz,"Drama, por fin! üôåüèª #emmys #emmysporwarner",777690420818182144,0
920,_gatesgabi,RAMIIIIIIIIIIIIIIII MEU AMOR #Emmys,777690421032054785,2
921,alltomlinsons,Rami Malek me pega nunca pedi nada #Emmys,777690421036187648,2
922,yechiimathers,Rami Malek üòç #Emmys,777690420994187265,3
923,erinanz,Matt Damon for the win! #Emmys #apples,777690421199646720,6
924,iluvAdamRokGod,You r hilarious üòúüòÄüòõ https://t.co/nfvkcNExm2,777690420645998592,4
925,cokeaddict,"@Rancorr OMG, it's the creepy Mr. Robot guy. He's creepy even OUT of character! #Emmys #Emmys2016",777690420528705537,6
926,Dtracy100,RECTIFY AND MR. ROBOT #Emmys #AVCTV,777690421216489472,6
927,gustavonever,N√£o foi a Beyonc√© que perdeu o emmy foi o emmy que perdeu a oportunidade de premiar uma das artistas mais completas dessa gera√ß√£o #Emmys,777690421220741120,6
928,aeon_flux,#emmys Mr.Robot better effin win!,777690420750880768,6
929,paulafontes12,DRAMAAAAAA #Emmys #EmmysPorWarner,777690421262749698,6
930,Jauxxxregui,Lo mejor de los #Emmys @milliebbrown https://t.co/EFIrsjIwWV,777690420050407424,4
931,fuitrouxa,"Winter is coming! Game of Thrones is my choice for best drama series in @CoxComm's #Emmys poll!
https://t.co/NkOyeiwOYk",777690420792979456,5
932,lynjaimeee,Whom is sheüòí #Emmys,777690421648433152,6
933,briasoboojie,Rami seriously kills me üòÇ #Emmys,777690421694566401,3
934,brunoknown,Where @kanyewest when we need? #Justice4Lemonade  #Emmys,777690420809723904,6
935,hoesdixon,EU AMO O JEITO QUE O RAMI FALA AKAGAJHSJ #Emmys,777690421782806528,6
936,PathyOliveiira,Remi Malek üòç #emmys,777690421581455360,2
937,rhanser,"YAY DRAMAS.  ""[THE] AMERICA[NS] FIRST!""  #Emmys  #Emmys2016",777690421816389632,6
938,OMGHAIZ,VOZ DE DROGADO. ZOI DE PEIXE CARA LINDA #Emmys,777690422160289792,6
939,AFRICANAMERICA1,"Retweeted ESSENCE (@Essence):

Congrats @KeyAndPeele on beating out #SNL for best comedy sketch show! Well deserved! #Emmys",777690421808029696,2
940,diazz_rebe,#GinaTorres is slaying at the #Emmys,777690422604812289,6
941,chingram,Did Beyonce really lose to Grease LIVE?? Original. #Emmys,777690422185295872,6
942,abigailprather,@Beyonce gonna need a big glass of lemonade after losing to #GreaseLive on the @TheEmmys #Emmys,777690424689332224,6
943,sorayamcdiaz,Y ahora si lleg√≥ el drama #Emmys,777690424601346048,0
944,calihose,@JebBush #Awesome #LovedIt #JebExclamationPoint @jimmykimmel #Emmys,777690424534245376,6
945,SarahA_M,Yooooo!!! Congrats to @KeyAndPeele!!!! Show is mad funny!!! My black people are killing the game tonight! ‚úäüèæ #Emmys,777690424731328513,2
946,hellschicken,"Rami Malek, amore della mia vita. #Emmys",777690424630710272,2
947,sybil1037,@ashleyhh__ Rammmmmiiiiiiiii. Mmmmmm. #Emmys,777690424924180480,6
948,janersm,"The drama music seems a little pretentious, but I guess that goes with the genre. #Emmys",777690425322725376,6
949,shomicanada,IMPORTANT: @ItsRamiMalek IS ON SCREEN #Emmys https://t.co/6K306QDcGb,777690424483995649,4
950,keegxo,He makes me drool... my mouth too. https://t.co/3gCPhJNnqI,777690425448476672,4
951,Viiciousv,Grease live was trash tho??? #Emmys,777690425205329920,6
952,kooksfavgirl,"CATEGORIA DE DRAMA FINALMENTE, quero ver GOT ganhar tudo #Emmys",777690425499017216,1
953,SAL_THE_KYNG,io lo sapevo che vi trovavo tutti quaüòí infamoni üòÜüòÜ #Emmys,777690425528295424,2
954,ProcPproc,@JebBush glad to see you aren't to down!!!! #2020 ???? https://t.co/JAHw9jNKy9,777690424915947522,4
955,exAlquimista,Vamos ya entregenle los #Emmys a,777690425201156096,6
956,ChristinaSky,"Hello, friend. #Emmys #MrRobot #Rami",777690426262167552,6
957,filhodevader,chegou o momento da verdade #Emmys #EmmyNaWarner,777690427138969600,6
958,comedycentralnz,YESS! Our very own @KeyAndPeele have just won Best Variety Series! Well done boys! üëèüèºüôèüèº#Emmys,777690427243626496,2
959,kuwtniall,Al fin drama #Emmys,777690428787359748,0
960,tonguetwied,I think the #Emmys2016 cameras are subtracting 10 pounds from everyone. Everyone is looking really THIN tonight. #Emmys,777690428921540608,2
961,LongRazer,Muy merecidos todos estos premios pero... para cuando #GameofThrones ? Saludos desde Uruguay #EmmysPorWarner #Emmys,777690428934152192,6
962,al_mioni,Agora come√ßou a festa.... #Emmys,777690428950900736,6
963,flirtyharmony,"@OrphanBlack SHE NEEDS TO WIN THIS

#Emmys #EmmyForMaslany",777690429286264832,6
964,colastrom_,AAAAAAAAHHHHH Elliot #Emmys,777690428699185152,2
965,_lumacieira,Shippo üòç https://t.co/e6NYCqb2D1,777690428590227456,4
966,msgoddessrises,That was beautiful! https://t.co/KQ9YQ4n7rc,777690429491847168,4
967,lovatoaction,RAMI AAAAA #Emmys,777690429827538944,3
968,thenewanya,Abigail Spencer!!! #Rectify #WatchItEveryone #Emmys,777690429693259777,2
969,J_Skrzypczyk,American Crime Story pozamiata≈Ço aktorsko podczas #Emmys W og√≥le mnie to nie dziwi. Tam ka≈ºdy by≈Ç doskona≈Çy.,777690429567500288,2
970,SereRenasArmy,Michael J. Fox I'm rooting for you! #Emmys,777690430234394628,6
971,ALYSSAFEEKO,@matchgameabc Every1 else is watching the #Emmys I'm watching the funniest 60 on TV! @AlecBaldwin u funny MF'er! üòÇüòÇüòÇ https://t.co/4wRu7r5AFF,777690428074291202,4
972,Dre_Vins,Eu deveria ganhar o pr√™mio de melhor drama #Emmys,777690430641168385,2
973,LittleSkinny93,Rami. Malik. I'm slayed üòç #Emmys #Emmys2016,777690433157607425,3
974,deuseIena,EU TO PARINDO UM FILHO AQUI DE NEVOSISMO #Emmys,777690432834826240,6
975,vicberts,"DRAMA grazie
#Emmys",777690433229037569,0
976,totallynollie10,If anyone deserves it it's Key &amp; Peele #Emmys,777690433354735616,2
977,YeahImFamous,Yes for Key &amp; Peele winning but can someone bring the show back üò© #Emmys https://t.co/0uPmypnXI1,777690432243466244,2
978,msilangil91,Rami looking pretty damn dapper #Emmys,777690432599842816,6
979,_bringmethegi,KKKKKKKKKKK https://t.co/sP6StP4UzX,777690432331538433,4
980,hollyvhays,Rami Malek doesn't know yet but we're going to get married in the spring #Emmys,777690433510055936,2
981,TVAfterDark,Were finally at the Drama category! #Emmys,777690433220702208,0
982,PhinsTweets,Abigail Spencer has a perfect face. #Emmys,777690432977399808,6
983,Pasparda,Rami Malek üíïüíï #Emmys,777690433740738560,3
984,1chicklette,"I don't know who Abigail Spencer is, but I love her dress #Emmys",777690433937965057,2
985,B3A__,VAI COME√áAR A BRINCADEIRA DE GOT #EMMYS,777690433463934981,2
986,Rome_at_Home,The drama portion of the #Emmys aka where #GameofThrones wins everything.,777690434088820736,0
987,NourChuCk,üí•üî•üî• #Emmys @SophieT @Maisie_Williams @lovegwendoline #EmiliaClarke https://t.co/ecIi0eww2Z,777690433585573888,4
988,pinksmoothtouch,Congratulations to @ReginaKing who Reigned in Red at the #Emmys ! So HAPPY for Your Big Win!! #slay #BlackGirlMagic https://t.co/enjLfNglxw,777690433736564737,4
989,wolvesifw,AAAAAAA SOCORRO https://t.co/DLvLKIkfmA,777690433795264512,4
990,kindamoviesnob,I can't deal with how much I love Rami's facial expressions. And face. #Emmys,777690434361364480,6
991,BrandonDNH,Abigail Spencer is great. Rami Malek is great. #Emmys,777690434592276480,2
992,BetsSZ,Na torcida pela vit√≥ria de Veep nos #Emmys,777690434898452480,2
993,Ceci_Deheza,Estoy completamente enamorada de Rami Maleküòçüòç #Emmys #Emmys2016 #EmmysPorWarner,777690434877489152,6
994,thefuturistt,RAMI BEBE #Emmys,777690434986446848,3
995,peevovarcheck,"For the love of Doody, leave Grease Live alone! #Emmys",777690435967852546,6
996,twiladang,What's she doing y'all? #Emmys,777690437838512129,2
997,byelsieramos,Rami Malek is also pretty perfect. #Emmys,777690437628735488,3
998,sweet_185899,"@parkrandall @ConstanceWu  I love #FreshOffTheBoat, due to ur @IamSandraOh recommendation  üëèüèΩüëèüèΩüëèüèΩ #Emmys",777690437398044673,6
999,Gee_Kate,Who the hell are these people? #Emmys,777690437406502912,2
