,geo,screen_name,text,tweet_id,cluster_pred
0,,GandalfTheMex,Today got me like... #ThisMakesNoSense #Brangelina https://t.co/gXYyQPJWbE,778334647457488896,0
1,,RickAndKim30yrs,"#Brangelina #TrumpACandy #hillaryforPrison #davidBrockforPrison

What say you, @brianefallon @thedemocats @dccc 

Yâ€¦ https://t.co/IAQhhngN6X",778334649676288001,1
2,,Maris_Sparrow,#brangelina at least she's not a #Scamber i you know whot i mean,778334650531979264,0
3,,thomassim6,PMSL !!!!!!!!!!!! https://t.co/xiu6KYBx0z,778334651228229632,0
4,,_atfirstsightt,I'm crying â˜¹ï¸ğŸ˜­ https://t.co/b6Ut9yJFnM,778334653757333504,0
5,,Jon_Berkemeyer,What is a #Brangelina and why should I care?,778334654764113920,1
6,,VidaDeFortuna,Today a dream died. ğŸ’€ğŸ’ #Brangelina https://t.co/NlkglcITaI,778334654768226305,0
7,,_ouissal_,"""Once a cheater, always a cheater"" #Brangelina https://t.co/xBFmbW9tNu",778334656257200128,0
8,,shiaalizex,@_amiix why was this me when I found outğŸ˜‚ https://t.co/x0dIT3Vz2Y,778334657486131200,0
9,,Fortune_Bet99,"#AhokDjarot
#Brangelina
#SuperDealID
Result BUNDESLIGA
Ayo Gabung &amp; Dukung TIM Jagoanmu
Regis:â€¦ https://t.co/lnTYecNFH1",778334662183624704,0
10,,teamwhiteclub,#Brussels #France #Belgium #Brangelina https://t.co/7XI8sGnIx4,778334662842195968,0
11,,mimita2904,#Brangelina https://t.co/PIUsz526n3,778334665878937600,0
12,,alicechouwbi,Todos os nossos sonhos ğŸ”¥ğŸ”¥ğŸ”¥ https://t.co/6CyFLArL6N,778334666579378176,0
13,,TTMobile_za,"TT SOUTH AFRICA 22:47
1.#Checkpoint
2.#Brangelina
3.#PleaseStepIn
4.Pirates
5.#TheQueenMzansi
6.#1sand2s
7.Ndoro
8.Bucs
9.Jennifer Aniston",778334667254759424,0
14,,TTMobile_us,"TT USA 00:47
1.#Brangelina
2.#TrumpACandy
3.#FreeGilinsky
4.#TerenceCruthcher
5.Jennifer Aniston
6.#DolanTwinsNewVideo
7.Pest Control",778334668395540482,1
15,,Favstar_Bot,"@martijnmuijs Congrats on your 500â¤ï¸ tweet! https://t.co/VnXPQPi3wV

https://t.co/RptsIQfMX8",778334668860993536,0
16,,TTMobile_sg,"TT SINGAPORE 04:47
1.#SyazwanTurns21Party
2.#Brangelina
3.#NewYork
4.#ì¢…ëŒ€ì•¼ìƒì¼ì¶•í•˜í•´
5.#NorthKorea
6.Yoona
7.TTTT
8.Brexit
9.Yixing
10.Zika",778334670056456192,0
17,,dawsonscream,#Brangelina https://t.co/Rh72f1H11B,778334670945648640,0
18,,blessedinbliss,called off work just so i can grieve #Brangelina,778334673365643265,1
19,,TTMobile_pe,"TT PERÃš 15:47
1.#Brangelina
2.#UNGA
3.ComisiÃ³n de ConstituciÃ³n
4.Nadine Heredia
5.#FreeGilinsky
6.#Bundesliga
7.#ElSwingAtaca",778334673801973760,1
20,,BigLioness79,Those poor children ğŸ™ #Brangelina,778334674925912065,0
21,,TTMobile_nz,"TT NEW ZEALAND 08:47
1.#Brangelina
2.#BFC630NZ
3.Syria
4.#RHOAKL
5.#OrconIRL
6.Skittles
7.#Destiny
8.Silver Fern Farms
9.NCEA
10.Parliament",778334675077046276,1
22,,TTmobile_,"TT ITALIA 22:47
1.#MilanLazio
2.#Brangelina
3.#dimartedi
4.#politics
5.#staseratuttoepossibile
6.Freddie
7.Locatelli
8.#cadodallenubi",778334677652439040,0
23,,pcstanfo,So #brangelina's 19 kids are each gonna get two birthdays and two Christmases from incredibly rich parents? Can 28 year olds be adopted?,778334678616944640,0
24,,SophieEH98,Ngl I still haven't forgiven #brangelina for the whole Jennifer Anniston situation so y'know karma and all thatğŸ˜,778334678738690048,1
25,,TTMobile_ie,"TT IRELAND 20:47
1.#Brangelina
2.#louthchat
3.#LivingWithLucy
4.#50Ways
5.#EFLCup
6.Rovers
7.Denis O'Brien
8.Oriel Park
9.Xhaka
10.Murphy",778334678776442888,1
26,,brittanyepage,"CNN just spent ten minutes discussing the #Brangelina divorce. They wrapped the segment wishing both of them peace and privacy.

Ugh.",778334679292268545,1
27,,flowerscean,mi sento male #Brangelina ğŸ’” https://t.co/ou3yWTxvvx,778334679019716609,0
28,,TTMobile_ve,"TT VENEZUELA 16:46
1.#NuestraVictoriaLaPaz
2.#Brangelina
3.#ConfiesoQue
4.Padrino LÃ³pez
5.Dortmund
6.Niang
7.Jorge Roig",778334664306155520,1
29,,JeanneLWhitney,Right now nearly every woman in America is fantasizing about her new relationship with Brad Pitt. #Brangelina,778334682760884224,1
30,,MikeBoard1200,"#Brangelina may be over, but long live the #Hamdog https://t.co/vDKVGyBXE9",778334682068897792,0
31,,TTMobile_de,"TT DEUTSCHLAND 21:47
1.#DHDL
2.#wobbvb
3.#SCFHSV
4.#Brangelina
5.#FCISGE
6.Alfred Draxler
7.GÃ¶tze
8.Eintracht
9.Konter
10.#D98TSG",778334682761072640,0
32,,TTMobile_fr,"TT FRANCE 21:47
1.#PSGDFCO
2.#FRAALB
3.#MardiCinema
4.#Brangelina
5.#FreeGilinsky
6.Matthieu
7.Diego Costa
8.Marion Cotillard
9.Wolfsburg",778334683985739776,0
33,,nikki_june,Pretty sure the Internet is freaking out more now that #Brangelina is #divorcing then when they got #married,778334685252333573,1
34,,karolinnaax,ğŸ™ğŸ™ğŸ™ https://t.co/MHZn6dpEbI,778334685273399298,0
35,,TTMobile_ec,"TT ECUADOR 15:47
1.#LeyPartoHumanizado
2.#Brangelina
3.#AlMonumentalXCRE
4.#VotoEnCasa
5.#Rocafuerte
6.JosÃ© Cevallos
7.ZÃ¡rate
8.Michel Temer",778334686493962244,1
36,,AliesGraafland,@houseoflotte https://t.co/nddGyKdcIM,778334686296809477,0
37,,Thenameis_Tati,I'm kind of sad about #Brangelina. Good luck to them.,778334690088542209,0
38,,TTMobile_ca,"TT CANADA 16:47
1.#Brangelina
2.Eaton Centre
3.#TrumpACandy
4.#UNGA
5.#DolanTwinsNewVideo
6.Anton Stralman
7.Northern Gateway",778334690088484865,0
39,,LaRyaWaters,Whyyyyyyy tho !? ğŸ™„ğŸ˜© https://t.co/WqbIusJepd,778334691170643969,0
40,,mariaavillegass,QUE FELICIDAD https://t.co/oQ1P1bfDxX,778334692735016960,0
41,,TTMobile_au,"TT AUSTRALIA 05:47
1.#Brangelina
2.#BigBillionDaysAreBack
3.#DolanTwinsNewVideo
4.#ActAgainstPak
5.#Premam
6.Tiahleigh Palmer
7.Skittles",778334692789608449,0
42,,TTmobile_ar,"TT ARGENTINA 17:47
1.#MacriEnLaONU
2.#FreeGilinsky
3.#NuevoVideoMicaSuarez
4.#Brangelina
5.#SuenaMalucoCumbiaFtFlorVigna
6.Dortmund",778334694802948096,1
43,,itsxsandymlsb,"Como cuando mi pareja favorita de toda mi vida se rompe, bye. #Brangelina ğŸ˜­ğŸ’”",778334696870670340,1
44,,alliecatttt_,Meeeeeee https://t.co/Bi7jb6eTv4,778334698628055040,0
45,,alicebrodie,@BrodesTilley ğŸ˜ https://t.co/X1hB5usIpF,778334699404001280,0
46,,generalkylah,Guess there's no forever nor true love after all. #Brangelina,778334701803057152,1
47,,shrmahimanshu,Wondering if I care abt #Brangelina split? HELL NO!,778334703065501697,1
48,,minas021,Î•Ï€Î¹Ï„Î­Î»Î¿Ï…Ï‚ Î· Î¤Î¶Î¿Î»Î¯ Î±Î½Î±Î³Î½ÏÏÎ¹ÏƒÎµ Ï„Î·Î½ Î±Î¾Î¯Î± Ï„Î¿Ï… Î¤ÏƒÎ¯Ï€ÏÎ± ÎºÎ±Î¹ Ï‡ÏÏÎ¹ÏƒÎµ Ï„Î¿Î½ Î Î¹Ï„ #Brangelina,778334703581597701,0
49,,SolTheAdventist,Really loved this couple https://t.co/sDfv2VdXXm,778334703946502144,0
50,,phoenixrenata,#Brangelina Whats it been... Like 18 years?? ğŸ˜©ğŸ˜±,778334706630668288,0
51,,Bruno1345livec2,#GameBoosterPerforMAX Ã© o melhor #app para melhorar os jogos #rendimiento e #acelerar em #Android #Brangelina https://t.co/GoVn8KcVat,778334706555387904,1
52,,phillip_days,Como o mundo estÃ¡ jÃ¡ que nÃ£o existe mais amorğŸ’” #Brangelina https://t.co/qzlXGViojD,778334706421096450,0
53,,big_muva,ğŸ˜€ğŸ˜€ğŸ˜€ğŸ˜€ https://t.co/pDet9RxFwP,778334707587186688,0
54,,wholequres,people whose names vibrates to 9 do that stuff too #Brangelina,778334711399714816,0
55,,Elenita_SaMe,La paciencia es la clave de todo ;) https://t.co/FbIwhoh8Dy,778334711714238464,0
56,,Animegirl00Lynn,The way they come is the way they go.......... #brangelina,778334711894728704,0
57,,donutcarex,COSA? NOOOO #Brangelina,778334711991115777,1
58,,brennvictoria_,@Ximme_Mnz  @soyunamoni https://t.co/R1ihQpbEej,778334712389513217,0
59,,MisulkaFuchs,These Jennifer Aniston tweets are killing me #Brangelina,778334713366900736,1
60,,aradayaaan,wtf bakit https://t.co/XPyCMd42xo,778334714071359488,0
61,,stayuglyyy,#Brangelina EU VOMITEI AQUI,778334716911030274,0
62,,_mackenzierae,@susanrae62 this is you doing your motion ğŸ˜‚ğŸ˜‚ğŸ˜‚ğŸ˜‚ https://t.co/FUhB3T3yyE,778334722376237064,0
63,,AliHermosa,#teamAniston 4ever!!! https://t.co/dDkCdr5bQC,778334725286920193,0
64,,gsakafi,I hope @KylieJenner and @Tyga take a page out of #Brangelina's book and break up!!!!,778334725781925888,1
65,,TheOhdaessu,"ÎÎ±Î¹ ÎœÏ€ÏÎ±Î½Ï„ Î¼Î¿Ï…, ÎºÎ¬Ï€Ï‰Ï‚ ÎµÏ„ÏƒÎ¹ Î¸Î± Î­Ï‡ÎµÎ¹Ï‚ Ï„Î± Ï‡ÎµÏÎ¬ÎºÎ¹Î± ÏƒÎ¿Ï… Ï€Î»Î­Î¿Î½. #Brangelina https://t.co/4NCQSm7md7",778334726805458944,0
66,,luiiscarloos,@genarolozano el divorcio de #brangelina es prueba irrefutable de que el imperio gay estÃ¡ acabando con las familias naturales.,778334728529154048,1
67,,elenamaide26,"#Brangelina se va a la mierda, todavÃ­a no me lo creo",778334731079417856,1
68,,SplashNews,R.I.P. to #Brangelina. We were there for the first photographs of you two together and every embrace after.â€¦ https://t.co/wUerkxgFFA,778334730244599808,0
69,,TweetnessWithMe,Haha I am living for this ğŸ˜ˆğŸ’…ğŸ» https://t.co/fPQTvmtRzd,778334732643893248,0
70,,connectalberta,"We're not about breaking up, we're about connecting people! #connectalberta #Brangelina",778334734770253824,0
71,,erinbakara,"I don't care about #Brangelina, but the memes are 10/10",778334735714095104,1
72,,Studentiinansia,"quindi se anche i  #brangelina hanno divorziato, praticamente ci sono rimasti solo Maurizio costanzo e maria de filippi",778334735357603844,0
73,,prototypekicks,Bitch divorced him over some weeeddd ? https://t.co/69nv5iq7Kt,778334736460738560,0
74,,mariievelez19,When the break-up of  #Brangelina has affected more your colleagues than their kids. ğŸ˜‚ğŸ˜‚ğŸ˜‚,778334736724979714,1
75,,BessoMJ,RIP #Brangelina it was good while it lasted .. does that mean they will separate their wax statues at Madame Tussaud's?,778334738738282496,0
76,,anizzarocero,Walang forever. Ina niyo. #Brangelina,778334742416531457,1
77,,TheyCallMe_SB77,"Eish, and ""Mr &amp; Mrs Smith "" was some fire ğŸ”¥ ğŸ”¥ ğŸ”¥ #Brangelina",778334743326851072,1
78,,MelodiaDeSorel,Es el fin del mundo :c https://t.co/LY2ivehkcR,778334743062581248,1
79,,jackson_dani,"Angelina's going to be sorry when zombies roll around, did she even see world war Z just saying... #Brangelina",778334745415471104,1
80,,CegataMariangel,ğŸ˜­ #Brangelina,778334749710553088,1
81,,AzulVioleta__,"Â¡KARMA!
Todo lo bueno o malo que hagas en la vida tarde o temprano regresa...ğŸ”„ğŸ˜‰
#Brangelina
Jennifer Aniston",778334753518858240,0
82,,C_La_Flo,#brangelina ? Really tho?,778334755230216192,1
83,,longwaytonarry,QUE TE PUTO VALLEA https://t.co/YolFgnsAWM,778334754827534336,0
84,,PAPITORUVENS,"- QuÃ©date con los niÃ±os, ya me voy a la verga.
- Son tuyos, quÃ©datelos tu. 
- Tu los adoptaste. 
- Pero tÃº tambiÃ©n querÃ­as.

#Brangelina",778334758468132864,0
85,,NikPitsi,ÎœÏŒÎ»Î¹Ï‚ Ï„Î¹Ï‚ Î­Î²Î±Î»Îµ ÏƒÏ„ÎµÏ†Î¬Î½Î¹ Ï‡ÏÏÎ¹ÏƒÎ±Î½ Î½Î±Î½Î±Î½Î± Ï„Î± Î¯Î´Î¹Î± Î­Ï€Î±Î¸Îµ Î® ÎºÎ¹ÎºÎ¹Ï„ÏƒÎ± 10 Ï‡ÏÏŒÎ½Î¹Î± Î±ÏƒÏ„ÎµÏ†Î±Î½Ï‰Ï„Î· Ï„Î·Î½ ÎµÎ¹Ï‡Îµ #Brangelina,778334758283702273,0
86,,ricomonkam,#Brangelina l'un des plus beaux couples au monde!,778334759219003392,1
87,,ZwigZag,"Good-bye, #brangelina! Hello, #BrexPitt !",778334760548626434,0
88,,VanyRub,Lo de #Brangelina queda en segundo plano. Lo realmente importante es q #BisbalyChenoa se han abrazadooo ğŸ˜ #Ot1 https://t.co/h1f9RKgjpS,778334760066318336,1
89,,bloodygraphites,y que va a pasar con los 5830294859 hijos adoptivos de #Brangelina ???,778334760867213314,0
90,,FredBremd,#Brangelina... donc Angelina est libre ? https://t.co/HW7gEgzrrS,778334761228042241,0
91,,blindedex,ğŸ˜­ğŸ˜­ğŸ˜­ğŸ˜­ https://t.co/A7z950OL36,778334767225843712,0
92,,A_Jandura,#Brangelina who cares. angelina ugly anyways. #gojen,778334768228343808,1
93,,People_Style,Brad Pitt and Angelina Jolie's most memorable red carpet moments https://t.co/cQxgOXxYMR #Brangelina https://t.co/rmuQDd27F2,778334767448223744,1
94,,lilsnacks1,Amen to this...remember where you were 10 years ago #TeamJennifer https://t.co/AEJneQBVhu,778334768987385856,0
95,,serialflakes,ya'll I can't go back to the orphanage #Brangelina,778334772728778753,1
96,,JokerWithABow,"""We need government funded couples counseling."" https://t.co/MNqFNclGiB",778334773316055040,0
97,,Joossh,"No mamen, que terminara #Brangelina no es el fin del mundo, para ese dude el mundo se acabÃ³ cuando dejo a #JenniferAniston ğŸ˜‰",778334775379505152,1
98,,MoonlightSoto,"Ellos pudieron ser los Brangelina mÃ¡s jÃ³venes, pero Liam se encapricha con la abuela. #Brangelina https://t.co/U4fb9gsyFS",778334775027392533,0
99,,holographicsigh,"#brangelina

This teach us that real love never exist in reality",778334776847654914,0
100,,OfficialAshaH,ğŸ˜¢ https://t.co/ovfcbbZQnW,778334778105946112,0
101,,dunkel_natalie,Mir doch egal. #Brangelina,778334781302079488,0
102,,BiggieSmalley,So #Brangelina is trending in Phoenix. How many days will the news cover this story instead of ones that actually matter?,778334788314726400,0
103,,montalvoarts,#Meganick? #Mullofferman? #Offerlally?? @MeganOMullally @Nick_Offerman https://t.co/cXcCiZ44gk,778334788771950594,0
104,,longwaytonarry,TE ODIO KEEGAN https://t.co/YolFgnKbOk,778334790579695616,0
105,,bloueen,"nie wierzÄ™ w to, Å¼e oni siÄ™ rozstajÄ… ğŸ˜­ to sÄ… moi idole, myÅ›laÅ‚am, Å¼e to miÅ‚oÅ›Ä‡ do koÅ„ca Å¼ycia #brangelina",778334793087979521,0
106,,ronniemale,"Ñ‡Ñ‚Ğ¾ Ğ´ĞµĞ»Ğ°Ñ‚ÑŒ, ĞµÑĞ»Ğ¸ Ñ€Ğ°Ğ·Ğ²Ğ¾Ğ´Ğ¸Ñ‚ÑŒÑÑ ÑĞ°Ğ¼Ğ°Ñ Ğ¿Ğ¾Ñ‚Ñ€ÑÑĞ°ÑÑˆĞ°Ñ Ğ¿Ğ°Ñ€Ğ° Ğ¼Ğ¸Ñ€Ğ°, ĞºĞ°Ğº Ñ‚ĞµĞ¿ĞµÑ€ÑŒ Ğ²ĞµÑ€Ğ¸Ñ‚ÑŒ Ğ² Ğ»ÑĞ±Ğ¾Ğ²ÑŒ?Â¿??Â¿
 #Brangelina",778334794111475712,0
107,,Theophimon,#TrumpACandy https://t.co/UfKQZJRdUL,778334794627231744,0
108,,PregaJesus,"#Ø­Ø§Ø¬Ù‡_Ù…ØµØ¨Ø±ØªÙƒ_Ø¹Ø§Ù„Ø¯ÙˆØ§Ù…
#Ù‡ÙˆØ§ÙŠØªÙƒ_Ø§Ù„Ù„ÙŠ_Ø§Ø¨Ø¯Ø¹Øª_ÙÙŠÙ‡Ø§
#Brangelina
#ErdoganVoiceofTheOppressed
#FreeGilinsky
Jennifer Anistonâ€¦ https://t.co/6ZH5aqMsYs",778334793972981760,0
109,,Sam__Mariano,"#Brangelina divorcing? Good luck, everything else that needs to be talked about on social media.",778334798058172416,0
110,,lorainelota,#Brangelina no more. ğŸ˜¢ğŸ’”,778334798670553088,1
111,,JairoYMiyagi,"Un RT para que #Brangelina adopten a @FansDeMiyagi o de perdis le compren tenis nuevos.

#CharrosVsGangsters 102.5â€¦ https://t.co/qnf01lAY0O",778334798070755328,0
112,,exactlyem,@KeeganAllen at least #Brangelina didnt literally die..,778334799358558208,0
113,,ISISHP,Para que no anden haciendo lo que no les gustarÃ­a que les hicieran ğŸ˜ https://t.co/ujBIUW5I5K,778334799823986688,0
114,,timdraketrash,I've told this million times but i'll say it again love is nothing but a chemical reaction causing animals to breed #Brangelina is the proof,778334800184807424,0
115,,abbie_oakins,nah i can't deal with this #Brangelina,778334802466439168,0
116,,gyulnaragolube3,"ck8
#Ø§Ù„ÙˆØ¹Ø¯_Ø§Ù„Ø¬Ù…Ø¹Ù‡_ÙŠØ§Ø®Ø¯Ù…_Ø¬Ø¯Ù‡
#Ø§Ù„Ø­Ù‚ÙŠÙ„_ÙŠØªØ¬Ø§Ù‡Ù„_Ø§Ù†ØªØ¸Ø§Ø±_Ø§Ù„ØµÙ†Ø¯ÙˆÙ‚
#Brangelina https://t.co/spTWVIGir6",778334802831433731,0
117,,elishamrtnz,Why. https://t.co/C4fZOEs7AE,778334804005695488,0
118,,RajaDemons,"This is the sign for WWIII isn't it. We're doomed, doomed #Brangelina",778334807008940032,1
119,,p1z4T,LOOK AT THIS GODDAMN GIF...... I'm choking on my water bruh LMAOOOOOOO https://t.co/1cfpOdUGNs,778334808225243136,1
120,,conorobryan,"North Korea leaks their DNS data, and #Brangelina is over. How will the world recover?",778334809105965057,1
121,,emsimpson77,No! Not Brad and Angelina! Say it ain't so! #brangelina,778334811446390784,1
122,,korinnalynae,When @FXNetworks plays Mr. &amp; Mrs. Smith the day Angelina &amp; Brad break up. Lol you guys are too sweet. ğŸ˜‚ #Brangelina,778334811660230656,1
123,,miss_neutral,"#Brangelina Angelina and Brad are separated , one more reason not to believe in love "" real""",778334811710599169,1
124,,ImEthanTbh,And people say celebrity couples don't last ğŸ˜¤ğŸ˜¤ #Brangelina https://t.co/3F59UikqoE,778334811391922176,1
125,,bnizzlegirl,Reading about #Brangelina like: https://t.co/1rIyHUodJa,778334811760959488,0
126,,beach_kid_,"Î¤Î¶ÎµÎ½Î¹Ï†ÎµÏ ÎºÎ¿ÏÎ¹Ï„ÏƒÎ¹ Î¼Î¿Ï… Î´Î¹ÎºÎ±Î¹Ï‰Î½ÎµÏƒÎ±Î¹  
#TeamAniston #Brangelina",778334812969009153,0
127,,ElvirJohanna,ğŸ’” https://t.co/z8JNF5Xy01,778334814059495424,0
128,,AlineCateux,@HeleenTouquet I regret Sarah is not on tweeter ğŸ˜‚ğŸ˜‚ğŸ˜‚ https://t.co/nYZzc0x52i,778334814772625412,0
129,,CrislayneDbora,Can't say I'm surprised. The foundation of their relationship was the heartbreak of an innocent woman. Shouldn't haâ€¦ https://t.co/GF63bld2cU,778334814323765253,0
130,,strayleft,"Î¤Î¿ Î½Î± ÎºÎµÏÎ±Ï„Ï‰Î½ÎµÎ¹Ï‚ Ï„Î·Î½ Î¤Î¶Î¿Î»Î¹ Î¼Îµ Ï„Î·Î½ ÎšÎ¿Ï„Î¹Î³Î¹Î±Ï ÎµÎ¯Î½Î±Î¹ ÏƒÎ±Î½ Î½Î± Î­Ï‡ÎµÎ¹Ï‚ Ï€Î±ÏƒÏ„Î¯Ï„ÏƒÎ¹Î¿ ÎºÎ±Î¹ Ï„Î¿ Î±Ï†Î®Î½ÎµÎ¹Ï‚ Î³Î¹Î± Î½Î± Ï†Î±Ï‚ Ï†Î±ÏƒÎ¿Î»Î¬ÎºÎ¹Î± 
#Brangelina",778334815678521344,1
131,,DrugsArrieta,"#Brangelina claramente Brad y Angelina son la copia de Mijares y Lucerito ,sean originales no mamen.",778334815913320449,0
132,,yennyliina,Buen puntoğŸ˜‚ğŸ˜‚ğŸ˜‚ğŸ˜‚ https://t.co/7K2bDUYJcD,778334815867244544,0
133,,ansmuh,RIP #brangelina,778334817515634688,1
134,,neticall,Jennifer Aniston and #Brangelina are trending? What year is this?,778334817955885057,1
135,,shins4dayys_,can we remember that #Brangelina has 6 children who have to watch their parents divorce at home and on the news and just like chill out?,778334820166471680,1
136,,_SaraLidia,#Brangelina si a Brad Pitt le pidieron el divorcio que te puedes esperar tu!!pinche feo ja ja ja ja,778334820581515264,1
137,,longwaytonarry,:( https://t.co/YolFgnsAWM,778334821068275713,0
138,,3milia,"how do staged pics of strangers smiling @ eachother keep ""love alive"" I don't understand https://t.co/t2Xgi5Huux",778334821479309312,1
139,,mchakir,"Only thing I have to say about #Brangelina is.... karma's a biotch Angelina 
Lmfao she just got served hers.",778334823278575618,1
140,,LarsenNikki,I'm literally gonna cry Mr. And Mrs smith by far one of my favorite movies ğŸ˜­ğŸ˜­ https://t.co/LTfzyJ8JbM,778334823295361024,1
141,,rashedyramy,":  #ØªÙŠÙ…_Ø§Ù„Ù‚Ù…Ù‡_Ø¨ÙŠØ¯Ù„Ø¹_Ø§Ù„ÙÙˆÙ„ÙˆØ±Ø²
#Ø±Ø§ÙŠÙƒ_ÙÙŠ_Ø§Ù„Ø³Ù†Ø¬Ù„Ù‡
#Ø§Ø¬Ø§Ø²ØªÙƒ_ÙƒØ§Ù†Øª_Ø¹Ø¨Ø§Ø±Ù‡_Ø¹Ù†
#brangelina
#ÙˆÙ„Ø§Ø¯Ø²Ø§Ù…ÙˆØ±Ø§_Ø¨ØªÙØªÙƒØ±_Ø§Ù„Ø¹Ø´Ø±ÙŠÙ†
Ø§Ù†Ù‰ Ù…Ø³Ù†Ù‰ Ø§Ù„Ø¶Ø± ÙˆØ§Ù†Øª Ø§Ø±Ø­Ù… Ø§Ù„Ø±Ø§Ø­Ù…ÙŠÙ†",778334824209711104,1
142,,RestElRocoto,@MilagrosLeivaG https://t.co/8WIArteUK0,778334824172060672,0
143,,GracieHenz,So glad I am not there to eat the #TrumpACandy https://t.co/bPDy0yny2x,778334825765826564,0
144,,Emaa_Cabj,"Definitivamente hay quienes no se cansan de ser pelotudos, haciendo tt a ""#Brangelina""",778334825660940288,1
145,,kbari12,#Refugees #NYandNJ  #StCloud  #Brangelina https://t.co/gdxwQR4OFc,778334826751549440,0
146,,WannabeINC,FortuneMagazine : RT valzarya: Meet the celebrity divorce lawyer helping Angelina Jolie spâ€¦ https://t.co/4YbkYqOVcz) https://t.co/WvXKSJRQtW,778334827510661120,0
147,,FarahAlrifaii,#Brangelina please dont do this https://t.co/URqfeqR7V5,778334830421573632,0
148,,dinahjhernandez,Wow #Brangelina https://t.co/UytkXipKgJ,778334830874488832,0
149,,CSPANJNKY,"Hillary will hit Russia w/military response if Russia is ACCUSED of hacking. we have no proof, but bomb themâ€¦ https://t.co/MPZwXapxaZ",778334831679856640,0
150,,SabrinaJtweets,#Brangelina https://t.co/XJqbqYSzx1,778334834552737792,0
151,,RickyAppleseed,So #Brangelina isno more ... https://t.co/Tjvk3rHOoF,778334835668647937,0
152,,TheBachel0rette,Everything was going fine for #Brangelina until they got married ğŸ¤”,778334837031768064,1
153,,qiuned,Lo que mal empieza mal acaba? ah que ğŸ˜‚ no supera su Brad x Jen ;; #Brangelina,778334838340202497,1
154,,Jekawb,@AlexandraFizzy.. you hear the news  https://t.co/5TPXWLO5a1,778334837715369988,0
155,,Ashuuwaishh,"Ahh! Love is in the air!ğŸ˜â¤ï¸ 
#LoEfes is the new #Brangelina or maybe a lot better than them. https://t.co/5Yad1sxXsT",778334839233736704,0
156,,topfood60,"Angelina jolie and Brad pit divorces :
https://t.co/cPdj0WoQOk
#Brangelina #TrumpACandy #FreeGilinskyâ€¦ https://t.co/1T0TmMhBPp",778334838583595008,1
157,,theRealFlappyTr,#Limite2GH17 #ErdoganVoiceofTheOppressed #Ø­Ø§Ø¬Ù‡_Ù…ØµØ¨Ø±ØªÙƒ_Ø¹Ø§Ù„Ø¯ÙˆØ§Ù… #Brangelina #topmodel #FreeGilinsky https://t.co/r4sjmSPrbe,778334841251196928,0
158,,goldselstin,nie mogÄ™ uwierzyÄ‡ Å¼e #Brangelina to juÅ¼ nie bÄ™dzie brangelina ğŸ˜­ğŸ’” https://t.co/94ducZmkO7,778334843285467140,0
159,,ThereGoesAlly,#karma ğŸ˜‚ğŸ˜‚ğŸ˜‚ #Brangelina,778334844405374976,1
160,,RomainDlfs,Qui s'en fout mais GENRE TOTALEMENT QUOI âœ‹âœ‹âœ‹ #Brangelina,778334845181231104,0
161,,1luvbooks,How can you be Anti #Damie and  pro #Brangelina ???  ğŸ™ˆ,778334845306941441,1
162,,blubird__,ğŸ¶What goes around comes around what goes up must come downğŸ¶ #Brangelina #teamjenniferbelike,778334847517487104,0
163,,kels__0,Jenifer cheering about the #Brangelina split https://t.co/dK1kLDnc39,778334848968642560,1
164,,missysauter,no this can't b real https://t.co/E8zigeRdCS,778334849530683392,0
165,,Regina_Ross98,Me niego ğŸ˜­ğŸ˜­ğŸ’”ğŸ’” https://t.co/K4N9WkyjHk,778334851225104384,0
166,,petscarepk,Only in a movie hollywood celebrities love lasted till the end #Brangelina,778334852030562305,0
167,,ShawBrothersUni,Only Kung fu love is forever #BrangelinaÂ https://t.co/OTnkOU9Etr https://t.co/ifBQcl5g66,778334852202524672,0
168,,OkieMallen,@KatiePhD https://t.co/tlhggSyuij,778334853049700352,0
169,,Hiifaz,#Brangelina ğŸ’”,778334854882746368,1
170,,cardenasmari_,He dumped her. Now he's the one getting dumped. â˜•ï¸ğŸ¸ https://t.co/fp9wwGSTEm,778334854429577216,0
171,,thedeadauthor,The #Brangelina divorce is tragic because it shows that nothing lasts except the ruling class's ability to get attention.,778334855885164546,1
172,,katyperryalerts,y'all pressed bringing Jennifer Anniston into this... #Brangelina,778334856342216704,0
173,,GLORIAvivaroma,"Meanwhile in Germany ...
#beer 
#brangelina https://t.co/ydkkzKQYsj",778334856564576256,0
174,,GrumpyYetAmusin,@NzMorningReport giving @GuyonEspiner the big story #Brangelina ğŸ˜‚,778334858049269760,0
175,,nigellawater,#MilanLazio #EFLCup #NationalTreasure #COYG #AskCarswell #MakeAQuoteThirsty #TrumpACandy #Brangelina #AngelinaJolie https://t.co/2dV5vcsfHA,778334853913833472,0
176,,TheCeyd,Ne diyorsunuzzzzz? ğŸ˜±ğŸ˜±ğŸ˜±ğŸ˜±ğŸ˜±ğŸ˜±ğŸ˜±ğŸ˜± #brangelina https://t.co/jnzmHFvcuB,778334855738363904,0
177,,LiKristofferson,I feel like I need more wine to watch this story/drama #Brangelina #brangelinadivorce,778334859756507136,1
178,,JuniiorGarciia_,La red explota con memes de Jennifer Aniston tras divorcio de Brad Pitt: LOS ANGELES .â€“ #Brangelina quizÃ¡ es ... https://t.co/FD2P8aW9OU,778334861211820033,1
179,,katyascheers,lol eigenlijk tis toch #Bradgelina en niet #Brangelina,778334861526503424,1
180,,aldoturati,Si la mayorÃ­a habla mÃ¡s de #Brangelina y menos de lo que pasa en el mundo creo que somos una sociedad de imbÃ©ciles. https://t.co/VIdD5LPs7V,778334862679814144,1
181,,noorkhaw,@rana_ahmedisak ok im done. https://t.co/DbZ5UiC1N4,778334864093347841,0
182,,ElhamdKhadija,"ğŸ’ Listen to ğŸ§ now songğŸ’¿
#IhabAmir
@Ihab_Amir 
#brangelina
#MilanLazio
#Gazebo
#FreeGilinskyğŸŒ
#politics
https://t.co/lKrr0Lziui",778334865712447488,0
183,,LaureguiDelRey,LMAO https://t.co/jga6ITn7JN,778334866425450497,0
184,,headyscenthappy,"20 septembre 2016,
c'est un jour satanique
1 an et 3 moisğŸ’›
rip #brangelina
LE NOUVEL ALBUM DE BASTILLE 20/20 MAGNIFIQUE
vive les dramas",778334868468011010,0
185,,wholequres,Brads a 4 life path Angelinas a 5...those are enemies in numerology #Brangelina,778334869726302209,0
186,,TVNewzgirl,I love that this is becoming #JenniferAniston meme day. This is my fav! https://t.co/Nssa6X7RCY,778334869638094848,0
187,,yareisy_xo,#Brangelina disappointed asf. My favorite couple ğŸ˜•,778334873635479552,1
188,,puddinsdelena,"People talking like ' love is dead' just because they're divorcing is pissing me so much. They have 6 kids,they shaâ€¦ https://t.co/POMnQnOQrX",778334874876928000,0
189,,mtwbb,This is funny... ğŸ˜‚ https://t.co/7PLY1sU8kV,778334875925487616,0
190,,Nudistobiichi,ESTOU BEM TRISTE https://t.co/Ar6M5mS9Pa,778334877817118721,0
191,,PlaidPantryInc,"Just when we thought it couldn't get any worse than being robbed with a chainsaw, Brad and Angelina split up. #Brangelina",778334879352184832,1
192,,SirJadejaaaa,People Feeling True Love Doesn't Exist Because Of #Brangelina? I Give You The Obamas! #TrueLoveDoesExist https://t.co/ODrhD79I4y,778334882711732224,0
193,,adat_320,"""I always wanted Brad and Jennifer to get back together, but my biggest concern was his children ""- my mother #Brangelina",778334888839622657,1
194,,fspbat,Terribly sorry America. But I just don't have any fucks to give about #Brangelina,778334889401802752,1
195,,dayy_abrams,Me when I saw the news on Mr. Clem's computer https://t.co/zToN6YHmvW,778334889137635329,0
196,,jemmmeilaco,#brangelina ğŸ˜­ğŸ˜­ğŸ˜­ noooooooo https://t.co/oElX6hJIyY,778334889993244676,0
197,,s_gillespieuk,"If he does it with you, he'll do it too you #brangelina https://t.co/FyukJKBfvU",778334891796815883,1
198,,falkatw,"So, das noch :) kchkchkch #brangelina https://t.co/5mZ7Tyb175",778334891025035264,0
199,,NicholasAlcazar,"I love a happy ending 

Suck on that you two timing bastards ğŸ˜† in the end Jennifer Aniston always wins ğŸ˜‚ #Brangelina https://t.co/JpUvoXNvfU",778334891985338368,0
200,,arry_56,S E R I O U S L Y Y Y #brangelina,778334894271455232,1
201,,HunterHRC2016,"OMG, MUST WATCH

ğŸš¨THE REAL REPUBLICAN NIGHTMARE IS THE REAL DONALD TRUMPğŸš¨

https://t.co/sL7NQdDcp4

@NosesUp @teenagesleuth #Brangelina",778334894892036097,0
202,,legendirwin,NO STOP NO https://t.co/9QbjVN4uvK,778334895382884356,0
203,,ColtColeskee,Nooooooooooooo #Brangelina,778334897492590593,1
204,,SanSanele,"And then #brangelina divorces... ğŸ˜«ğŸ˜­ Hmm...

Coincidence?ğŸ˜‚ğŸ˜‚ https://t.co/zMzwzDBHM8",778334897035325440,0
205,,Deja_Calloway,J Aniston right now #Brangelina https://t.co/2mgoTNZ3pU,778334898654355456,1
206,,Giorgia_M__,Non riesco a crederci https://t.co/ViAVBxNwx3,778334899023573000,0
207,,AnitaAnabel_,LOVE IS A TERRIBLE TERRIBLE LIE. Bye Brangelina ğŸ˜© #Brangelina #brangelinadivorce https://t.co/b8BqOrQtJe,778334900101390336,0
208,,nadirmarile,#Brangelina y decian que eran el uno para el otro... Bajarle el esposo para que luego ella lo deje...dime que se siente brad?,778334906644475904,1
209,,Rowanftbrina,#Brangelina how do you feel about his ?!,778334909064708096,1
210,,shaykhouston_,"I feel like they just got married five minutes ago, damn... #Brangelina ğŸ˜•",778334912881434624,1
211,,KRQQ,Get the latest details on the #Brangelina divorce at https://t.co/WHDxHQdkjz! https://t.co/3buNC2Y0PI,778334912009076736,0
212,,Jochen_mn,So it's all about business.. who gets more etc. https://t.co/AsRknIhoNM,778334914663944193,0
213,,Mirkoim1997,lol https://t.co/9Oz0S2EAD0,778334914634739713,0
214,,dixonwalkng,#brangelina https://t.co/1RNJdHZ0oN,778334914064293888,0
215,,infin8graphics1,#BradPitt is trying to return this shoe to #AngelinaJolie #Brangelina #JenniferAniston get a #glassslipper  https://t.co/abxqgIlm6C,778334918489182208,0
216,,nicklily1,Wape semina......pin this ğŸ™ŒğŸ¿ https://t.co/mXKRJjN5Yp,778334918426423296,0
217,,nicktangorra,Yesterday I randomly googled how long #Brangelina has been together. Today she's filing for divorce. I can't help but feel like I caused it.,778334920020267012,0
218,,carleyr22,um no they can't do this https://t.co/MK5YQKKK4Y,778334920611508224,0
219,,LindaLoerch,"And that , my Friend , is what they call closure  #Brangelina",778334922058653698,1
220,,MittCegueda,Si #Brangelina ya fue. Â¿QuÃ© me espera a mi?. â˜¹ï¸ï¸ğŸ’”,778334923136442368,1
221,,GoCART07,Caption what https://t.co/D1oPNX1X8z,778334924625424384,0
222,,bent_cc,"Ø¨Ø±Ø§Ù…Ø¬ #Ø¨Ù„Ø³
Ù¥Ù  Ø±ÙŠØ§Ù„
ØªÙˆØ§ØµÙ„ Ø¨Ø§Ù„Ø®Ø§Øµ
ØªØ±ÙƒÙŠØ¨ Ø¨Ø¯ÙˆÙ† Ø¬ÙŠÙ„Ø¨Ø±ÙŠÙƒ
Ù†Ù‚Ø¨Ù„ Ø¨Ø·Ø§Ù‚Ø§Øª Ø²ÙŠÙ† ÙÙ‚Ø·
#Ø­Ø§Ø¬Ù‡_Ù…ØµØ¨Ø±ØªÙƒ_Ø¹Ø§Ù„Ø¯ÙˆØ§Ù…
#Ø§Ù„Ù„ÙŠÙ„Ù‡_Ù…Ø¹_Ø¨Ø¯Ø±
#Brangelina
921",778334925116219392,0
223,,MoxieSwagger,Why is it still #brangelina? Shouldn't some eager journo have portmanteaued it into #bangelina by now?,778334929692332032,0
224,,ShakilaBrooks,Jennifer be like.... #Brangelina https://t.co/Trk2H8XTvm,778334929889271808,0
225,,hmurrr,#brangelina https://t.co/DRHxKV8EnF,778334930891931648,0
226,,AbzieA,â¤ï¸â¤ï¸â¤ï¸ this. I know I shouldn't but I do ğŸ™ˆ #TeamAniston https://t.co/Y3eRYWIWYp,778334932552802308,0
227,,AmatureTeens,#studytime tweet â˜» #camgasm NEW!!! @ https://t.co/Ph9hjtUbkT Click now! #brangelina #amatureteens #jailbate #slut https://t.co/eBtrSoO4dP,778334932158541824,0
228,,whitgetitwhit,As the #Brangelina stories unfold ... #TeamJen #TeamAniston https://t.co/xFKmYK6ZhL,778334934444351488,0
229,,jannisseiner,"Das Aus von #Brangelina war heute lÃ¤nger in den Trends als der #Weltkindertag.
Was sagt das Ã¼ber uns aus?

Nix.. Menschen halt...",778334941071507456,0
230,,italia_tt,"#TT Italiani delle 22:48
1. #MilanLazio
2. #Brangelina
3. #dimartedi
4. #politics
5. #staseratuttoepossibile",778334942774366208,0
231,,budsgirl420,Can not wait for #TeamJen tweet telling #Brangelina to #GFY,778334944317759488,0
232,,ZolaJ2016,They were so good together!ğŸ’”ğŸ’”ğŸ’”#Brangelina https://t.co/gPfAQxu62J,778334943122382848,0
233,,RobertKYoung,Angelina Jolie to lose a third tit. #Brangelina,778334945794293768,1
234,,KabirConsulting,"#Brangelina what goes around comes around I suppose, you can be sure of that, just ask Jennifer....",778334948088569857,1
235,,francescaviva2,Erano la coppia piÃ¹ bella di #Hollywood e di tutti i tempi. Finisce la storia dei #brangelina. Fine della favola..#brangelinareunion!ğŸ™ğŸ»,778334948151427073,0
236,,kyleighmarie__,oh #BRANGELINA https://t.co/jnpKcQ5MPr,778334949455826945,0
237,,Thebluewinter,"Si #Brangelina ya no existe, que se puede esperar del amor para nosotros, los mortales",778334950730833920,1
238,,Skegee_Gent1989,I thought #Brangelina was going to last.,778334951083282432,1
239,,ColeenCase,ğŸ˜‚ https://t.co/gR3SxmS6fD,778334951989051393,0
240,,foolermy,This news really made me sad. Awwwww ğŸ˜­ #affectedmuch #Brangelina,778334952861474816,1
241,,Weona_vivita,Rompieron mi corazÃ³n #Brangelina,778334953297809408,1
242,,BiebsRourou,What an absurd example to take a conclusion from! https://t.co/IpQkOGLttI,778334953264250880,0
243,,Astri_Mavrea,Angelina Jolie ÎºÎ±Î¹ Brad Pitt Ï€Î±Î¯ÏÎ½Î¿Ï…Î½ Î´Î¹Î±Î¶ÏÎ³Î¹Î¿.Î“Î¹Î±Ï„Î¹?  #brangelina,778334956326125568,1
244,,AlNOOR_,ğŸ˜‚ğŸ˜‚ğŸ˜‚ https://t.co/QjS5xZFb4g,778334956867190785,0
245,,giandima_,#Brangelina https://t.co/7nVinqyq0N,778334956858839040,1
246,,talyvana,algo + tilingo que hablar de #Brangelina no hay?,778334957336924163,0
247,,rebekahabrams,Wouldn't miss it! @Innocuous_Flop @RobBenedict @Billy_Moran @BorjaBorja1 #swainer4life https://t.co/J70hGZLeZq,778334956917522433,0
248,,kelfur,"No say it isn't so, I had really thought they were gonna break the Hollywood stereotype of ""nobody stays together in show biz"". ğŸ˜¢#Brangelina",778334958360428544,1
249,,ekthaengineer,#Brangelina are getting divorced to save Pakistan from India.,778334960713277440,0
250,,Wanderfuss,Se c'Ã¨ una cosa che i #Brangelina ci ha insegnato Ã¨ che puoi evitare di pagare i domestici se li adotti. #justkidding,778334960629477378,0
251,,yosoycarolachan,Ccp @adrianuzhiz  ğŸ˜‚ğŸ˜‚ğŸ˜‚ğŸ˜‚ https://t.co/hvpHBepEjc,778334964521705472,0
252,,hxarrybo,je m'en remet grv pas  #Brangelina,778334964521762817,0
253,,_KatKaramakov_,@KirstineJensen yes they are.  Angelina filled for divorce.  I really loved them #Brangelina,778334966254010368,1
254,,leandrokhaled,FOCA DA MEIA-NOITE EU TE AMO https://t.co/YyeoVbtovp,778334966484697088,0
255,,llees669,#Brangelina Don't worry scientology will give him a new wife,778334967222992896,1
256,,SalmanGul,Because @HillaryClinton was getting to much heat &amp; her campaign needed to create a distraction. Dont be fooled people. #Brangelina,778334969227796481,0
257,,MeredithxGreyx,Oops #Brangelina,778334969244549120,0
258,,CLERNIK,"""La donna Ã¨ il riflesso del suo uomo. Se la ami fino ad impazzire, lei impazzirÃ  per te"" 
E adesso come la mettiamo Brad?
#Brangelina",778334972029628418,1
259,,jspandian23,Rachel rocks!! ğŸ˜ğŸ˜ https://t.co/wUcMtygLtj,778334973749137409,0
260,,SRod_14,"he's #Mexican but this speaks of what's up in #puertorico #noalajunta #promesa 
#brangelina since THAT'S trending

https://t.co/GWS3lSm4tR",778334973954785280,0
261,,Jayseaside,Interesting and depressing article  https://t.co/FKvPuBsJ0Z,778334976328826880,0
262,,MaraBraghini,"Jennifer sulla questione dei  #Brangelina
ğŸ˜‚ğŸ˜‚ğŸ˜‚ https://t.co/nnyuerboNd",778334977343750144,1
263,,MalibuUnited,My favorite gif of the day! https://t.co/VmEK33JEQs,778334977440100352,0
264,,alfredanderson0,Wtf?! https://t.co/YlIC2Rl24h,778334978648137728,0
265,,tin2mb,#TeamJenniferAniston #whatcomesaroundgoesaround ğŸ‘ŠğŸ» https://t.co/c3Vb5iG3Ap,778334979709210624,0
266,,SeanWilliams,.@Variety Loses on Twitter today. #brad #Brangelina https://t.co/sE07kVaa77,778334980048990208,0
267,,T_matts14,precisely https://t.co/TbUfp9tsWp,778334981542273024,0
268,,theRealFlappyTr,#Brangelina #ErdoganVoiceofTheOppressed #Limite2GH17 #FreeGilinsky #Ø­Ø§Ø¬Ù‡_Ù…ØµØ¨Ø±ØªÙƒ_Ø¹Ø§Ù„Ø¯ÙˆØ§Ù… #topmodel https://t.co/F40PhWo1Ky,778334982049759233,0
269,,Ariiianeth,As long as David and Victoria Beckham don't split I'm good. #Brangelina,778334984079675393,1
270,,KaylaCSteen,Petty https://t.co/5tUgIhI1jR,778334986881667072,0
271,,SkindeepSA,ğŸ˜‚ğŸ˜‚ https://t.co/IR19HLj8fU,778334987363946496,0
272,,Ministerwill24,@katarinasinfamy #brangelina LovewillieThomas,778334988911648768,1
273,,LodoTiniJorge1,"E se loro non ce l'hanno fatta, che si guardavano in quel modo..io non so piÃ¹ se credere nell'amore #brangelina https://t.co/K7d2IInSMd",778334990983659520,1
274,,PeggyTanous,"Is anyone else bored now with the #Brangelina news?? We are having #monsoon weather in #OC 2 day. So weird. Overvast, muggy &amp; hot.",778334991981748224,0
275,,abroudnadeem,"When I saw #Brangelina trending
When I foundğŸ˜±ğŸ˜± out #BradPitt and #AngelinaJolie are getting divorce
#Hollywood bestâ€¦ https://t.co/MLmcCr7zuV",778334990736261120,0
276,,DanaHollyWood,Lmao this is a worthless article. How do you choose 8 celeb couples out of dozens? ğŸ™„ https://t.co/1gnUNQ0vbL,778334993030508544,0
277,,OgechiJaiyesimi,"Amen. I'm married , no married woman prays to experience what Brangelina did to Aniston. I was waiting for a day liâ€¦ https://t.co/93uJWAhI0o",778334994859167744,1
278,,Mrwhatsapp1,"#downlod Whatsapp_plus apk https://t.co/sICrCcjo7Z
#brangelina
5ac8",778334997275172894,0
279,,ElmerMMG,"Brad Pitt y Angelina Jolie se separan 
- A Jennifer Aniston le gusta esto
#Brangelina https://t.co/XIJrztYoZR",778335000114585600,1
280,,monicapapagna,ChissÃ  se i #Brangelina si comportano in modo cosÃ¬ maturo con i figli! #powerita,778335001662394369,1
281,,Alesnic88,Ricordiamoci che dopo i #Brangelina abbiamo fortunatamente ancora Victoria e Beckam e ovviamente i nostri Totti e Ilary âœŒğŸ˜,778335003331661824,0
282,,hunnaajade,@Jessica9sling https://t.co/GaMRpvOE5w,778335002144669696,0
283,,ikshiteesh,What a beautiful way to put this across #Brangelina https://t.co/8YuFDtDtbV,778335003327406080,0
284,,Supes252,I think I'd prefer a woman who collects shoes vs one who collects children and THAT'S my brutally honest opinion! ğŸƒ #Brangelina,778335004426375169,1
285,,lavishtyle,ğŸ’”                                          #brangelina #BrexPitt #brangelinadivorce https://t.co/TSe7EkhSxT,778335002341892096,0
286,,arrobatr0nnor,"Si #Brangelina no funcionÃ³, como creen que mi relacion va a funcionar, ano, voy a romper todo y me goa mata",778335006225756161,0
287,,1MrChris,National Jennifer Aniston Meme Day? #brangelina #TeamJen https://t.co/q4ICgeeSBP https://t.co/eUrJ8eo6bE,778335007492411393,0
288,,MarceSanteliz,OMG #Brangelina what comes around goes around https://t.co/n0RuW6DEf7,778335009488769024,0
289,,The_Ahmadd1,"These two  were together for so long without marriage and after marriage their relationship  can't survive even 2 years.LOOOOL
#Brangelina",778335013859422209,1
290,,AdaezeDominion,Even your boo get a boo. Once a cheat... #Brangelina,778335014782177284,0
291,,Peru21pe,Angelina Jolie y Brad Pitt se separanğŸ’” ğŸ’” ğŸ’”â€¦Â¿QuÃ© dirÃ¡ Jennifer Aniston?https://t.co/ewz0xRKb8W #Brangelina https://t.co/YYVkLBmXeg,778335017466560512,1
292,,maaddiissoonn_1,This can't be real life...... https://t.co/8C16aRbaTe,778335024227708928,0
293,,ChloeDbsi,C'est la pension alimentaire qui va Ãªtre salÃ©e ğŸ’°ğŸ’°ğŸ’° https://t.co/FcMNZPsrA0,778335025418866688,0
294,,avantika51,Lmao https://t.co/UurIhDFh6n,778335036177121280,0
295,,bedydaniel16,I don't believe in love no more  #Brangelina,778335038987436032,1
296,,IsaPiBlog,Bienvenida Angelina al mundo de las solteras. Tampoco se estÃ¡ tan mal #Brangelina https://t.co/tnDLlFN0cl,778335038752616448,1
297,,TaqatCare,"ØªØ­Ø¯ÙŠØ« #Ø·Ø§Ù‚Ø§Øª ÙˆØ§Ù„ØªØ³Ø¬ÙŠÙ„ ÙˆØ§Ø³ØªØ¹Ø§Ø¯Ø© Ø§Ø³Ù… Ø§Ù„Ù…Ø³ØªØ®Ø¯Ù… ÙˆÙƒÙ„Ù…Ø© Ø§Ù„Ø³Ø± ÙˆØ§ÙƒÙ…Ø§Ù„ Ø§Ù„Ø¨ÙŠØ§Ù†Ø§Øª #Ø­Ø§ÙØ²  ÙˆØªØ³Ø§Ø¨:0534005564
#Brangelina https://t.co/5AMhVoVBnT",778335039264260096,0
298,,Madrvid,Non voglio https://t.co/FO82z77u2U,778335041524998144,0
299,,TRAINER_360,"Que opinas?
#confiesoque #brangelina #nuestravictorialapaz #TrendingTopic #paraolimpicosorgullopatrio #finlandiaâ€¦ https://t.co/Gj9gQfb346",778335042070319106,0
300,,HunterHRC2016,"HEY MELANIA, WHERE IS MEREDITH MCIVER?

https://t.co/DRnSZBql6a

@NosesUp @teenagesleuth @thehill @SenWarren #Brangelina",778335045761191936,0
301,,FlappingTrump,#Limite2GH17 #ErdoganVoiceofTheOppressed #Brangelina #topmodel #Ø­Ø§Ø¬Ù‡_Ù…ØµØ¨Ø±ØªÙƒ_Ø¹Ø§Ù„Ø¯ÙˆØ§Ù… #FreeGilinsky https://t.co/LnnSEJtRQw,778335046767869952,0
302,,Louisofficial_9,Can't believe that #Brangelina are getting divorced :o They were the most famous couple in the word and they were a model &lt;/3,778335048923832321,0
303,,Elizabeth_Whyte,"Will and Jada Smith, I'm rooting for you guys now. #Brangelina",778335050026868738,1
304,,hey_its_steven,Is it sad that I thought #Brangelina were really going to make it?,778335052723728385,1
305,,DanaHollyWood,Wow https://t.co/A3RhoulZwI,778335054036627456,0
306,,ikouks,Î§ÎµÎ»ÏŒÎ¿Ï… Î‘Î½Ï„Î¶ÎµÎ»Î¯Î½Î± Î±ÏŠ ÎµÎ¼ ÎÎ¯ÎºÎ¿Ï‚ Î´Î¹ ÏƒÏ„ÏÎ±Ï„Î¹Ï„Î¶Î¹Îº Î±Î½Ï„Î²Î¬Î¹Î¶Î¿Ï Î¿Î² Î³ÎºÏÎ¹Ï‚ #Brangelina https://t.co/dRWEQtjKX7,778335055181676544,1
307,,damianPHD,Si les ultra espanta lo de #Brangelina es que tienen un concepto muy anticuado de amor. Que halla estado con otra no significa que no la ama,778335057412972544,0
308,,JoanaRi45761585,#Brangelina Why???????????? ğŸ˜«ğŸ˜±ğŸ˜±ğŸ˜±ğŸ˜­ğŸ˜­ğŸ˜­ğŸ˜­ğŸ˜­ğŸ˜­ğŸ˜­ğŸ˜­ğŸ˜­ğŸ˜­ğŸ˜­ğŸ˜­ğŸ˜­ğŸ˜­ğŸ˜­ğŸ˜­ğŸ˜­ğŸ˜­ğŸ˜­ğŸ˜­ğŸ˜­ğŸ˜­ğŸ˜­ğŸ˜­ğŸ˜­ğŸ˜­ğŸ˜­ğŸ˜­ğŸ˜­ğŸ˜­ğŸ˜­ğŸ˜­ğŸ˜­ğŸ˜­ğŸ˜­ğŸ˜­ğŸ˜­ğŸ˜­ğŸ˜­ğŸ˜­ğŸ˜­ğŸ˜­ğŸ˜­ğŸ˜­ğŸ˜­ğŸ˜­ğŸ˜­ğŸ˜­ğŸ˜­ğŸ˜­ğŸ˜­ğŸ˜­ğŸ˜­ğŸ˜­ğŸ˜­ğŸ˜­ğŸ˜­ğŸ˜­ğŸ˜­ğŸ˜­ğŸ˜­ğŸ˜­ğŸ˜­ğŸ˜­ğŸ˜­ğŸ˜­ğŸ˜­ğŸ˜­ğŸ˜­ğŸ˜­ğŸ˜­ğŸ˜­ğŸ˜­ğŸ˜­ğŸ˜­ğŸ˜­ğŸ˜­ğŸ˜­ğŸ˜­ğŸ˜­ğŸ˜­ğŸ˜­ğŸ˜­ğŸ˜­ğŸ˜­ğŸ˜­ğŸ˜­ğŸ˜­ğŸ˜­ğŸ˜­ğŸ˜­ğŸ˜­ğŸ˜­ğŸ˜­ğŸ˜­ğŸ˜­ğŸ˜­ğŸ˜­ğŸ˜­ğŸ˜­ğŸ˜­ğŸ˜­ğŸ˜­ğŸ˜­ğŸ˜­ğŸ˜­ğŸ˜­ğŸ˜­,778335057681510400,1
309,,Rainbow07__,We still have drake and rihanna  #Brangelina,778335061594611712,1
310,,cherylnorman,Sad. I thought they #Brangelina would make it. https://t.co/Q3CE2wOTAk,778335063163310080,1
311,,NutStressed,Desi reaction to #Brangelina https://t.co/5k2wxtuk8L,778335068787920896,0
312,,gwenandrelle,sigh dad... #Brangelina https://t.co/mYnc1TG6X6,778335068544602112,0
313,,DSZuly,SabÃ­a que en un momento iba a terminar #Brangelina pero no sabia que esto iba a ser tan doloroso.,778335070859821056,0
314,,gizzyandgemma,Please tell me #Brangelina is not over ğŸ˜­,778335071505747969,1
315,,_tiffanypena,omg seriously like wy https://t.co/J08bPGN0tE,778335070893604865,0
316,,filofu1,"Irgendwo schade. Die zwei waren im Glamor die Einzigen, denen ichs abgenommen habeÂ´. aber...ThatÂ´s Life #Brangelina",778335072474857472,0
317,,jggirouard,#brangelina....what? do they have a new movie coming out?,778335073284321280,0
318,,BonkaiFantasy,They weren't all thatğŸ˜‚ğŸ˜‚ğŸ˜‚ https://t.co/lCVb01Nn9l,778335073783451648,0
319,,Real_Housewives,Why are people surprised or shocked. Adultery never works out for anyone. Close your legs to married whores #Brangelina,778335075872018432,0
320,,bradstattoos,"Si vedeva che negli ultimi tempi non erano affatto felici, Ã¨ stata la decisione migliore #brangelina",778335078585868288,0
321,,taylorfiggss,ğŸ™ŒğŸ¼ https://t.co/7dFw3UfxxZ,778335078745247744,0
322,,stacey_ccnxl,"#Brangelina they were happy together for 11 years, but after a year of marriage they broke up.
WTF https://t.co/2nzxdj4IXe",778335079173062657,0
323,,MsConceive,Sprouts is so on it playing Freda Payne's Band of Gold!  #Brangelina,778335081857323008,0
324,,WebProgrammer68,"That's probably what added to why they broke up. Media pressure, expectations, demands from agents and clients, medâ€¦ https://t.co/h9EJoe2tKB",778335083404996608,0
325,,StephenJCrowley,Please Help! Disabled Vet/former film student GI-BILL needs help with film project! https://t.co/E8lJhmqsQz #brangelina,778335084713697280,0
326,,DrPepper391,Can't ever watch Mr. and Mrs. Smith again :/  #Brangelina,778335084839575553,1
327,,sherlysaucedo,@gregoleggo https://t.co/qHZisb7AiM,778335085862846464,0
328,,foulmouthgirl,Not quite over #Brexit? Brace yourself for #Brangexit Angelina Jolie has filed 4 divorce!  #PublicConsciousUncoupling #Brangelina #WhoCares,778335089046482945,1
329,,nowanderess,OLHA QUEM TA NA FOTOKKKKKKKKKJKKKKKKKKKK https://t.co/dJx93ByQB7,778335088895557632,0
330,,carlawildman,Me encanta t.t https://t.co/QGG8DQokwg,778335088962568192,0
331,,OrganicOffers,"12 years is a long time, sad could not have worked through it #Brangelina",778335090120200192,1
332,,laneyyymalone,"if #Brangelina is broken up then let's face it, we're all screwed when it comes to love.",778335092594704384,0
333,,erickmbennett,#ClimateChange claims yet another victim in the form of #Brangelina .  What?,778335093844606976,1
334,,demijeremyyy,So who else is crying over the #Brangelina split?!?ğŸ˜­ğŸ˜­ğŸ˜­,778335094700249088,1
335,,NormanCharles88,I can't wait for @NBCNightlyNews gossip correspondent Cynthia McFadden to report on the #Brangelina situation.â€¦ https://t.co/w0VUNSVSzU,778335093735710720,0
336,,dannaa_aileen,I dont believe in true love anymore https://t.co/fKPYOoigCH,778335095317037056,0
337,,AzazelTheFencer,"#Brangelina will always be my relationship goals, no matter what ğŸ˜­âœ‹ğŸ»#brangelinadivorce",778335096088788993,0
338,,EliCalvagno,Ãˆ STATO TRAUMATICO https://t.co/mJ9wxLKFWw,778335096214544384,0
339,,vlhoward1989,ğŸ˜‚ğŸ˜‚ğŸ˜‚ loving all these memes today... Unlucky Brad you utter wanker! #brangelina #BrexPitt #Karma always gets you inâ€¦ https://t.co/5h4DoCtTWN,778335096034263042,0
340,,grace_feidt,Guys I'm seriously wondering how Jennifer Anniston is taking the news that #brangelina is no more.,778335097728724993,0
341,,juliaajuu_,"""omg Angelina Jolie split up"" @BlairConway95 #brangelina #BrexPitt",778335097720303618,1
342,,themomista,Well played  @Todaysparent - WELL PLAYED. https://t.co/p5CcIMbfSj,778335098953404416,0
343,,Oj_lanre,:( https://t.co/WXd1zb6etX,778335103034548224,0
344,,pastelpapi,"""their"" love died, let's be clear that i'm still in love â˜•ï¸ https://t.co/Bgs2EThsdp",778335104439496704,0
345,,estadaomoda,20 vezes que o casal #Brangelina foi o mais estiloso do tapete vermelho https://t.co/QUQUWgUp5C https://t.co/uKUReiYu29,778335099679039488,0
346,,daisy_gantxx,love is dead https://t.co/6tplxaqj6E,778335109598547968,0
347,,Doreenique,"Millions of children have to grow up fatherless, motherless, parentless, and on every level it is psychologically dâ€¦ https://t.co/AGAlLMMlAR",778335110818955264,0
348,,bitememore,We're having mixed emotions over #Brangelina. BRB as we drown our sorrows in Ice Cream Cone Cookies!â€¦ https://t.co/3lU41md9pv,778335111276273664,0
349,,ValenQuattordio,"No me interesa lo que dice el tweet, solo apreciemos un segundo al bombÃ³n que es Jennifer Aniston. https://t.co/5lMVuFzbzQ",778335112769466368,0
350,,FakeNouRa,"I Hope  #JenniferAniston Woke Up, Chuckled A Bit, And Then Went Right Into The Arms Of The Man Who Treats Her Likeâ€¦ https://t.co/QY1jZ4VGDE",778335113658654720,0
351,,JeremyBlanco_,La red explota con memes de Jennifer Aniston tras divorcio de Brad Pitt: LOS ANGELES .â€“ #Brangelina quizÃ¡ es ... https://t.co/KnuEhFbG7Q,778335117718589440,1
352,,ThePolyakene,Il va morfler le Brad avec la pension alimentaire #Brangelina,778335118008221700,0
353,,hakeem_b2012,"#Brangelina a nice couple with nice memories , good luck both in your new life",778335117831995397,0
354,,davidecalza,Tanto so giÃ  che domani mattina mi sveglio ed avrÃ² il messaggio di buongiorno da Angelina ğŸ˜‚ #Brangelina,778335118268203008,1
355,,keri_magennis_,he should have stayed w Jennifer Anniston ğŸ™„ https://t.co/lmsy1zym9c,778335117928529920,0
356,,aleishajones98,ğŸ˜ª https://t.co/s4jzPp8xLH,778335121187409921,0
357,,MimiCimm,Ci ramerete solo voi #teamcostanzo #Brangelexit #brangelina https://t.co/7Zc0z1uvFO,778335120138829828,0
358,,3milia,"even though these ppl are complete strangers to us all and despite seeing footage of them, we know nothing abt them https://t.co/PTHky8vNrU",778335122810699776,0
359,,MyVOTEMyVOICE2,Ahhh...my world is broken!!! #Brangelina #BrangelinaBreakup https://t.co/eHwtamRg7I,778335124471545857,0
360,,theReturntoZero,Can't beleive @swartzwelder's new song made Angelina and Brad get divorced! Better give it a listen. https://t.co/6K5xmhhqSa #Brangelina,778335125348163584,0
361,,jjkfa,#Brangelina i mean really this is news #shithappens,778335125343969280,1
362,,isecarrasco,Si  #Brangelina de acabÃ³ entonces puedo soportar no encontrar nunca al amor de mi vida ğŸ˜‚,778335126979653632,1
363,,RobertOvadia,"The news is just sinking in here in Hawaii.
I.... don't know what to do.
They said it would be forever.
Life is so confusing.
#Brangelina",778335128489644032,1
364,,AbdallahQuffa,"#brangelina  Why shocked? They both back to reality , finally Mr and Miss smith movie came to end.",778335129039241219,0
365,,Claas_Weinmann,"New Mexico â¤ï¸

https://t.co/Wclk4Rdx2O via @kritsanarat #Brangelina https://t.co/E9HeBTZKLT",778335128288362496,0
366,,Velvetine21,Mdrrrrrrr https://t.co/tflTXqk52s,778335132356837376,0
367,,sanabeeel,Brad pitt and Jennifer Anniston &gt; Brad pitt and Angelina Jolie #Brangelina https://t.co/uQJkjBilEb,778335132931465216,1
368,,sylviarico,ó¾Œ´ó¾Œ´ó¾Œ´#Brangelina it's sooo over https://t.co/J39i07Wj0B,778335134843965440,0
369,,barmare_yusuf,News channels will soon run a story on how  #Brangelina split is going to affect elections,778335135334825984,1
370,,mamma_vivi,"Volevo comunicare a coloro che gongolano  perchÃ© i #Brangelina divorziano, che oggi le nostre vite sono proprio... https://t.co/ECvPi9VByG",778335135959744513,0
371,,420GirlSeattle,#Brangelina all the bad karma #Angelina toward #JenA is finally coming back to her... thank you universe,778335140766375936,0
372,,saintmrvn,Boop. #Brangelina,778335141714288640,1
373,,FarahAlrifaii,#Brangelina though i am team jennifer but idk why it is breaking my heart,778335143173947392,0
374,,ElhamdKhadija,"ğŸ’ Listen to ğŸ§ now songğŸ’¿
#IhabAmir
#HappyBirthdayKareena
#MaunModiSarkar
#BrangelinağŸŒ
#ActAgainstPak
ğŸ’ https://t.co/lKrr0Lziui",778335143958310918,0
375,,eddymorales964,La red explota con memes de Jennifer Aniston tras divorcio de Brad Pitt: LOS ANGELES .â€“ #Brangelina quizÃ¡ es ... https://t.co/yGPkoU5TzR,778335144792903680,1
376,,moroccanism,"Ê·Ê°Ê¸         Ê·Ê°Ê¸              Ê·Ê°Ê¸    Ê·Ê°Ê¸
Ê·Ê°Ê¸       Ê·Ê°Ê¸      #brangelina    Ê·Ê°Ê¸       Ê·Ê°Ê¸
  Ê·Ê°Ê¸                 Ê·Ê°Ê¸            Ê·Ê°Ê¸        Ê·Ê°Ê¸",778335150677561344,0
377,,palepaulina,"Dammmn no hope , no love for me lol #Brangelina",778335151646310400,1
378,,PlaidPantryInc,"Just when we thought it couldn't get any worse than being robbed by a meth-head with a chainsaw, Brad and Angelina split up. #Brangelina",778335152011214848,1
379,,DMens90,The ghost of Harambe is behind the #Brangelina breakup.,778335154410512386,0
380,,MarianaT_A,ğŸ˜‚ğŸ˜‚ğŸ˜‚ https://t.co/qQNCNwIEZ1,778335156100661248,0
381,,marinapaleo,ğŸ˜ https://t.co/jdDRTz5WDt,778335159049416704,0
382,,aisling1105,Jennifer Aniston and her fans when they heard the news about #Brangelina today.... https://t.co/faQJl9koL4,778335159212990464,0
383,,cricklemethis,#brangelina #relationship #divorce #iFunny https://t.co/ow1kgA5Q4c https://t.co/KNe9SzrQ5i,778335159678410752,0
384,,Ari_RuRed,"Gracias #Brangelina , serÃ© paciente...  Se que le llegarÃ¡ su hora a el ex...",778335160605380609,1
385,,marie_angely4,no puede ser. https://t.co/n0pAOoYUwS,778335160978800640,0
386,,ISISHP,ğŸ˜‚ğŸ˜‚ğŸ˜‚ https://t.co/J2O8r5Rzss,778335162283155456,0
387,,lauscafarias,estarei sofrendo em silencio no meu quartoğŸ˜­ ! *-* #brangelina,778335168687960064,0
388,,MetroUK,Revealed: The court papers that confirm Brad Pitt and Angelina Jolieâ€™s divorce https://t.co/p6bHQHZm0R #Brangelina,778335169891762180,1
389,,robynelayne_,Tears https://t.co/dPZW1gHUml,778335171074334721,0
390,,kamaest,"I know there're REAL problems in the world,but Angelina Jolie&amp;Brad Pitt's split is devastating. I mean,is love dead now or what? #brangelina",778335178355798016,1
391,,HunterHRC2016,"Donald Trump ""is psychologically unbalanced""

https://t.co/bLqeJwRmbb

@NosesUp @teenagesleuth @thehill @SenWarren #Brangelina",778335179748184064,0
392,,Ineska008,XD #toldya https://t.co/hzOCUb4wVi,778335180499062784,0
393,,Imlisawisa,#BradPitt  &amp; #AngelinaJolie ask for privacy during their break up ğŸ˜ #brangelinadivorce #brangelina https://t.co/OCoiQmJeum,778335182394916864,0
394,,Thatkid_kreay,#brangelina Today is slowly but surely becoming Jennifer Aniston meme-day #Brangelina https://t.co/dqt2lUoMut,778335185431560192,0
395,,vonapartis1,ÎšÎ±Î»Î± ÎµÎ³Ï‰ Î³Î¹Î± Ï„Î· ÎœÎ¬ÏÎ¹Î¿Î½ ÎšÎ¿Ï„Î¹Î³Î¹Î±Ï Ï‡ÏÏÎ¹Î¶Î± ÎºÎ±Î¹ Ï„Î¿Î½ Î³ÏÏÎ¿ Ï‡Î¿Î¹ÏÎ¹Î½ÏŒ..  #brangelina,778335187369361412,0
396,,CRAZYPHOTO98791,#JenniferAniston #reaction to #Brad and #Angelina #Divorce | #Brangelina https://t.co/3Y1tPJ30A8 via @YouTube,778335189630083072,0
397,,a_casaccio,Anche i figli si mollano!!  #Brangelina,778335191047761920,1
398,,1MrChris,How Jennifer must feel #Brangelina https://t.co/ngVF4gkANl https://t.co/hGwh0JjTdt,778335191190368256,0
399,,4YouEvent,"Noticia triste :( Angelina Jolie y Brad Pitt se separan. #Brangelina
https://t.co/XVO92CzeNB",778335192066981888,1
400,,Juvli_,Mr &amp; Mrs smith will never be the same again.. Rip favourite movie https://t.co/iRr10FXp8m,778335192310251521,1
401,,robkelner,Wake me when it turns out there are campaign finance law issues in the #brangelina divorce.,778335193933414400,0
402,,heatherali,"with so many millions of dollars, however will they survive? https://t.co/mtrc21KsV7",778335197372702720,0
403,,NelsonManuel192,La red explota con memes de Jennifer Aniston tras divorcio de Brad Pitt: LOS ANGELES .â€“ #Brangelina quizÃ¡ es ... https://t.co/EbvIVEPJBk,778335200354807808,1
404,,cambria_hurd,I can't go on https://t.co/oFfqqf8DFq,778335200698699776,0
405,,TheQuirky,Tonight's entertainment is sponsored by #Brangelina,778335204037492736,0
406,,ShawBrothersUni,And kung fu bromances. Those are forever too. #Brangelina https://t.co/HQMWF4Ypv8,778335203639042048,0
407,,AaronFullerton,"I'm sorry for your loss, everyone, but #Rhyssell is my #Brangelina.",778335211553558528,1
408,,fueunavezelsol,De verdad pueden ser NOVIOS YA? https://t.co/u8guSw03HU,778335214678446084,0
409,,Ivancuhh96,The only tweet that's ever mattered  https://t.co/0Y4d5wy08C,778335215471112193,0
410,,LunatikaLullaby,"OMG ! #Brangelina Divorce ?!!? Ok, Seriously. It's A Very Stupid Joke. ğŸ™„ğŸ’”",778335215890599936,0
411,,RyanMahercomedy,Angelina should adopt an African mate. She already hates her dad &amp; should have no problem gaining 60lbs from depression binges #Brangelina,778335217585102852,1
412,,isamuelwayne,"I
DO
NOT
CARE! 
#Brangelina 
https://t.co/6x0PcnLOpC",778335217455030272,0
413,,Stylemefab_blog,#teamaniston are some patient mfers!! 12 years we waited for this eventuallity and its a fresh as if it #brangelina happened yesterday!!,778335218285604868,1
414,,validmegatron,Never Cared About #Brangelina ! Cause We Know Jennifer Aniston Winner In the End Of The Day ! â¤ï¸  #ForeverRachelGreen,778335219183005696,0
415,,semperamaremrj,#ALDUBExemplarsOfLove Ms. Theiy I hope this is not Aldub related but #BRANGELINA https://t.co/FLSurXLSMi,778335218998599681,0
416,,ludik06,Pareil https://t.co/28WnDQyyDK,778335219539673088,0
417,,PokeMonioo,De repente se me llenÃ³ el tl de #Brangelina *?*,778335220990869504,1
418,,El_flaco_swaq,La red explota con memes de Jennifer Aniston tras divorcio de Brad Pitt: LOS ANGELES .â€“ #Brangelina quizÃ¡ es el hashtag mÃ¡s comentado...,778335224279085056,1
419,,eltuitdepato,"TT ARGENTINA 17:47
1.#MacriEnLaONU
2.#FreeGilinsky
3.#NuevoVideoMicaSuarez
4.#Brangelina
5.#SuenaMalucoCumbiaFtFloâ€¦ https://t.co/hxIkRWxQtE",778335224082079744,1
420,,RicaudyVasquez,La red explota con memes de Jennifer Aniston tras divorcio de Brad Pitt: LOS ANGELES .â€“ #Brangelina quizÃ¡ es el hashtag mÃ¡s comentado...,778335225226993664,1
421,,EstebanFerrerts,La red explota con memes de Jennifer Aniston tras divorcio de Brad Pitt: LOS ANGELES .â€“ #Brangelina quizÃ¡ es el hashtag mÃ¡s comentado...,778335225365483521,1
422,,BJJ4Bernie,#Brangelina,778335226024058881,1
423,,Ayeshakalsoom23,RIP #Brangelina ğŸ’”,778335225990479873,1
424,,jaureguiemotion,"""Brad le puso los cuernos a Angelina, no me lo esperaba! JamÃ¡s lo imagine!"" 

Que no sabes cÃ³mo se juntaron ellos pâ€¦ https://t.co/SpDp8x2CwN",778335226929950720,0
425,,FlappingTrump,#ErdoganVoiceofTheOppressed #Limite2GH17 #FreeGilinsky #topmodel #Ø­Ø§Ø¬Ù‡_Ù…ØµØ¨Ø±ØªÙƒ_Ø¹Ø§Ù„Ø¯ÙˆØ§Ù… #Brangelina https://t.co/zpSxT5ueQe,778335228146421760,0
426,,wholequres,since Brad and Angelina met in their enemy years it doesnt matter that theyre both born cat year rooster = TRAP no matter what #Brangelina,778335230834933762,0
427,,loulipoblabla,"Ah lÃ  tout de suite on retrouve le ton de La voix du Nord. Y a pas Ã  dire, ils ont le glauque dans le coeur. Petitsâ€¦ https://t.co/GKUbEuHkTm",778335234253262849,0
428,,DayaneMOM,#Brangelina ó¾ó¾¬ó¾Œ¹ https://t.co/GvBOWGLUWP,778335235133968385,0
429,,enmanuelcotizze,La red explota con memes de Jennifer Aniston tras divorcio de Brad Pitt: LOS ANGELES .â€“ #Brangelina quizÃ¡ es ... https://t.co/Yxja62Y5Xt,778335235775823873,1
430,,emilynkem_,Niggas ain't shit!!!!! https://t.co/Iw0ePkdcIt,778335237797470208,0
431,,intoyoujdbs,it's gon b an ugly divorce. #brangelina,778335240280350720,1
432,,immichaelmorgan,"Yoooo, BEST one yet RT @natnatles: Rise up Jennifer Anniston fans...today is redemption day. #Brangelina https://t.co/eFbj3bsE6G",778335241190645760,0
433,,3Thuv,Can't believe that Angelina Jolie and Brad Pitt have broken up #Brangelina https://t.co/tI9ajDIpuo,778335241610137600,1
434,,ronniemale,ğŸ˜­ğŸ˜­ğŸ˜­ğŸ˜­ğŸ˜­ğŸ˜­ğŸ˜­NOğŸ˜­ğŸ˜­ğŸ˜­ğŸ˜­ğŸ˜­ğŸ˜­ğŸ˜­ğŸ˜­ğŸ˜­ğŸ˜­ğŸ˜­ğŸ˜­ğŸ˜­ğŸ˜­ğŸ˜­ğŸ˜­ğŸ˜­ğŸ˜­ğŸ˜­ğŸ˜­ğŸ˜­ğŸ˜­ğŸ˜­ğŸ˜­ğŸ˜­ğŸ˜­ğŸ˜­ğŸ˜­ğŸ˜­ğŸ˜­ğŸ˜­ğŸ˜­ğŸ˜­ğŸ˜­ğŸ˜­ğŸ˜­ğŸ˜­ğŸ˜­ğŸ˜­ğŸ˜­ğŸ˜­ğŸ˜­ğŸ˜­ğŸ˜­ğŸ˜­ğŸ˜­ğŸ˜­ğŸ˜­ğŸ˜­ğŸ˜­ğŸ˜­ğŸ˜­ğŸ˜­ğŸ˜­ğŸ˜­ğŸ˜­ğŸ˜­ğŸ˜­ğŸ˜­ğŸ˜­ğŸ˜­ğŸ˜­ğŸ˜­ğŸ˜­ğŸ˜­ğŸ˜­ğŸ˜­ğŸ˜­ğŸ˜­ğŸ˜­ğŸ˜­ğŸ˜­ğŸ˜­ğŸ˜­ğŸ˜­ğŸ˜­ğŸ˜­ğŸ˜­ğŸ˜­ğŸ˜­ğŸ˜­ğŸ˜­ğŸ˜­ğŸ˜­ğŸ˜­ğŸ˜­ğŸ˜­ğŸ˜­ğŸ˜­ğŸ˜­ğŸ˜­ğŸ˜­ğŸ˜­ğŸ˜­ğŸ˜­ğŸ˜­ğŸ˜­ğŸ˜­ğŸ˜­ğŸ˜­ğŸ˜­ğŸ˜­ğŸ˜­ğŸ˜­ğŸ˜­ğŸ˜­ğŸ˜­ğŸ˜­ğŸ˜­ğŸ˜­ğŸ˜­ğŸ˜­ğŸ˜­ğŸ˜­ğŸ˜­ğŸ˜­ğŸ˜­ğŸ˜­ #Brangelina,778335244059602944,1
435,,Travel_and_joke,"#Brangelina hello ä¸€ã¤ã®é ­ãŒå›ã£ã¦ã„ã¾ã™ã€‚#YouTube https://t.co/yQsilrxgbP
ï¼ƒã›ã„ã›ã„ã™ã‚‹ã»ã©æ„›ã—ã¦ã¾ã™
ï¼ƒæ˜­å’Œç”Ÿã¾ã‚Œã£ã½ã„ç™ºè¨€ã‚’ã—ã‚
#æ„› #topmodel",778335247872188417,0
436,,Leonsjogren,"Brad Pitt For BachelorğŸŒ¹ğŸŒ¹ğŸŒ¹ğŸŒ¹

#TheBachelorAU #Brangelina #BradPitt #BrexPitt https://t.co/44tkYl4FGA",778335250694873088,0
437,,vitisria,eu tbm https://t.co/9LuIHnDxzc,778335250271330305,0
438,,dunkirkaf,ben neden bu kadar Ã§ok yÄ±kÄ±ldÄ±m acaba bu habere #Brangelina,778335252087508997,0
439,,Celine_DL,Mdr du coup avec toute cette histoire de #Brangelina c'est Jennifer Aniston qui redevient populaire,778335252443987969,0
440,,reginaofdreamss,Comunque io sono sempre stata team Jennifer #Brangelina,778335254528585728,0
441,,fIoweryas,"On rÃ©capitule 2016 
mort d'Alan Rickman, Prince David Bowie
-attentat terroriste
-tremblement de terre en Italie 
-#Brangelina le divorce",778335256856461314,0
442,,sarahevans2501,Jen must be feeling pretty smug today. #Brangelina https://t.co/e41RpI27pZ,778335256470585344,0
443,,NoMoGods,This #Brangelina breakup will all be forgotten when Brad gets into a long five-hour relationship with Taylor Swift.,778335259658182656,1
444,,clolilo,#brangelina https://t.co/ANCu2z69O6,778335260366999552,0
445,,SyaAgain,"#Brangelina
The timing is the only
Part I'm interested 
In 
Sheeple ğŸ˜´",778335262116052992,0
446,,jackieee_litz,"rip #brangelina 
love doesn't exist",778334954891702272,1
447,,Ayo_Nikky,"Me: I know the #Brangelina divorce has nothing to do with my life so idc 

Also me: https://t.co/OYDkLfyLP5",778335263101587456,0
448,,coleenroars,Y E S https://t.co/d12WDCNDTM,778335264917815296,0
449,,moneyreportlive,"https://t.co/MHNyY8T0zo, #iefimerida, #tanea, #zougla, #tovima, #euro2day, #UNGA, #Brangelina, ÎšÏ…Î²ÎµÏÎ½Î·ÏƒÎ· https://t.co/a46xcYE6SU",778335266863976448,0
450,,TTTcapitalLLP,"@NolleJo relax, i am just f. a little w/ u. #brangelina",778335270261358592,1
451,,DontAskDani,Yo I'm dead at his tweet hahahah https://t.co/DFBsjjaBYE,778335272408797184,0
452,,missimpolitic,"#Brangelina: Angelina Jolie files 4 divorce from Brad Pitt citing ""irreconcilable differences"".  https://t.co/Zzr1Ky9xzg",778335274069667840,1
453,,ikshiteesh,This doesn't come across to me as a surprise #Brangelina https://t.co/auqyirGi5d,778335274233311232,0
454,,acarchitecture,@ArqAnahiGR ... Ã‘aÃ±a Ã±aÃ±aÃ±a https://t.co/2ut8RuzJ7H,778335279316733953,0
455,,gabrielactfer,@TheFix Some people got very sour with the #Brangelina divorce.,778335279983763456,0
456,,natylern,HAHAHAHAHAHAHA posta nomÃ¡s https://t.co/mAf6BgjPmq,778335280055128064,0
457,,JoJoLambucka,no it died when he cheated on his first wifeğŸ’ https://t.co/w9cIdMjakO,778335280898142208,0
458,,mnievesvas,"TO LEARN GERMAN II !
https://t.co/IGBE0a44jk
#kvindelandsholdet
#Brangelina
#EfBSIF
#EATx
#kbhpol",778335282357739521,0
459,,JWalkerII,"While some people want to talk that #Brangelina nonsense, #JenniferAniston 's being a REAL MVPğŸ‘

#TerenceCruthcher 

https://t.co/z5tzHL2pUg",778335008037695488,0
460,,nadirmarile,#Brangelina y no hay prueba mas clara con esto de que el karma existe! ğŸ˜‰  ...dine que se siente angelina?ğŸ˜„,778335284559802368,1
461,,goldselstin,"to smutne bo przeÅ¼yli razem dobre i zÅ‚e chwile ale nigdy siÄ™ nie rozstali i majÄ… razem cudowne dzieci, to takie ğŸ˜­ğŸ˜­ #Brangelina",778335290100424704,0
462,,sydney_faith_,#Brangelina https://t.co/5ZZRju8f1v,778335292264747008,0
463,,C4F1,"The bad news, no more #Brangelina...ğŸ˜• The good news, we'll always have Seb and Kimi's bromance ğŸ‘ #C4F1 https://t.co/BpNbOsJn7j",778335282420645888,0
464,,arob16i,"What a boring... Guys, send me a message ğŸ‘ Send me a letter here ï¸ğŸ‘‰ https://t.co/yBgh71p13g https://t.co/yPoXPw0Cto",778335294550532096,0
465,,Melissa_Sfeir,Still pretty sad #brangelina is over. Had hope for them,778335295385309184,1
466,,Ironlady1921,I think I need to review who I follow on Twitter ... Every other post is about flipping #brangelina,778335296370999299,0
467,,theDomJenkins,"Chris Christie has become a sad &amp; humiliating shell of his former glory. ""Pride comes before a fall"" you fat bully! #Bridgegate #Brangelina",778335297570562048,0
468,,THEjohnlowe,#bradpitt named his film company Plan B for a reason. He's always looking for an out #Brangelina #TeamAngie,778335299529154560,0
469,,NannyOBriens,Happy #PubQuiz Tuesday! @TriviaKings will be happy to distract from the #Brangelina fallout for a couple hours starting at 7:30pm. #WeGiveUp,778335299613106176,1
470,,DIRTYDUNNZ,My feelings on #Brangelina https://t.co/QIszfxavjK,778335301173407744,0
471,,ahmina_parveen,"If #brangelina is over, then ya'll got no hopeğŸ˜«ğŸ˜‚",778335058092552192,1
472,,ward_reckly456,"#AngelinaJolie talking  about he was  dangerous arond the kids ,He  just was not letting them be spoil  bratts #Bradpitt #Brangelina",778335306839797760,0
473,,swwfu_,NOO ğŸ˜­ğŸ’” https://t.co/XgwuGiatyt,778335072697085952,0
474,,Aleciita4,"Si #Brangelina trono, a cualquier pareja le puede pasar!! Pero ellos, wow! En mi clase todos sorprendidos jaja!",778335310249758720,0
475,,Mr630ElMaximo,#Brangelina https://t.co/Eu3WWEG4H4,778335307942866944,1
476,,TuttoParioli,"OMG ! #Brangelina Divorce ?!!? Ok, Seriously. It's A Very Stupid Joke. ğŸ™„ğŸ’” by LunatikaLullaby",778335312200228864,1
477,,Cheyenne_Angelo,"You know, I was having a pretty good day until I heard about #Brangelina and now I'm gonna go crawl in a hole and die. Bye 4ever",778335315899449344,0
478,,ensilumi84,"Since J&amp;B divorced back in 1857 I doubt Ms Aniston has an opinion on the #Brangelina split. People (outside of Tumblr) DO move on, you know!",778335091554680832,0
479,,pato_094,Angelina dejÃ³ a Brad porque abusa del alcohol y la marihuana. #Brangelina https://t.co/03pIrvdK1O,778335315484348416,1
480,,MoonlightSoto,"""Brad Pitt y Angelina Jolie se divorcian""
#Brangelina https://t.co/97gw9AUz00",778335314951766016,1
481,,CRAZYPHOTO98791,#JenniferAniston #reaction to #Brad and #Angelina #Divorce 1 #Brangelina https://t.co/nUxi5eP8Ke via @YouTube,778335317489319936,0
482,,UKRaider164,#Brangelina DILLIGAF,778335321440346112,1
483,,SaraFarizan,I'm pretty sure they'll both be fine. Just a hunch. #Brangelina,778335321385799680,1
484,,simoneaustina,ğŸ˜¢ #Brangelina https://t.co/0FXbQCNed0,778335321335267328,0
485,,MC_Clexer,"- ĞŸĞ¾ÑĞ»Ğµ ÑÑ‚Ğ¾Ğ»ÑŒĞºĞ¸Ñ… Ğ»ĞµÑ‚?
- Ğ Ğ°Ğ·Ğ²Ğ¾Ğ´...
#brangelina https://t.co/lbzIUSAkWM",778335322002354176,0
486,,dahianagarciaaa,My heart is broken https://t.co/OTuvvflilc,778335322753073152,0
487,,petscarepk,Bet it's because of all those Ethiopians she adopted. Probably robbed him. #Brangelina,778335324854480897,0
488,,Xianhni,What is wrong with this year!! First hani and junsu breakes up now angelina and brad!!!! WTF!!  #Brangelina,778335325705809920,1
489,,joannamont,Breaking: Angelina Jolie to marry Justin Theroux https://t.co/IYPwHzYmWj via @thedailymash #brangelina,778335325928194048,0
490,,anthbrennan,"*Opens Twitter*
#Brangelina, #Skittles, #Stabbing
*Closes Twitter, throws phone down sewer*",778335328172142592,0
491,,loveinheadscarf,Is our world doomed? Twitter is trending #askcarswell vs #brangelina  https://t.co/24Ywi5k0Fq,778335328067284992,0
492,,HunterHRC2016,"Trump is an ""ignorant demagogue""

https://t.co/YBRJjPInJd

@NosesUp @teenagesleuth @thehill @SenWarren #Brangelina",778335329279356928,0
493,,Volaverunt_GB,"Lo mejor del hashtag 
#Brangelina es https://t.co/ViWf4RosMp",778335331665915904,1
494,,tin2mb,TRUE!!! #TeamJenniferAniston #whatcomesaroundgoesaround â¤ï¸ğŸ™ğŸ» https://t.co/6A3zUz98jH,778335333955936256,0
495,,KiimVasquez,"CreÃ­a en el matrimonio, que esta pareja era la que mÃ¡s base tenÃ­a y la mas fuerte, en un medio asÃ­, y ahora no sÃ© quÃ© creer ya.  #Brangelina",778335336082669568,1
496,,P_S_Walter,"A good win for Arsenal, helping to heal the pain of the #Brangelina split! https://t.co/Tx9EnXXUwb",778335337936461824,0
497,,cle97812164,@chloconut_xo https://t.co/OdTIYcBLYw,778335339391905792,0
498,,Kimberlyprobs,RIP #brangelina . I'll be there for you.,778335340360765440,1
499,,MissChemical,I refuse to believe Marion Cotillard had something to do with #Brangelina divorce. The picture I have of her doesn't match with this shit,778335340578893825,0
500,,anti_quark,.@SteveMartinToGo : #Brangelina happened. Need your ppl to kick my digits to her ppl. What R UR digit kicking fees? https://t.co/gYCbVCF5dJ,778335342017388544,1
501,,FerAguiSal,El karmağŸ˜‹ #Brangelina https://t.co/Fk4mGZQaD4,778335167215796224,1
502,,AGherbitz,"Dalle reazioni sembra che stiano divorziando Cenerentola e il Principe.

#brangelina #BradPitt #AngelinaJolie",778335172718694400,0
503,,LumagumaB,fui lavar o cabelo e vem esse choque #Brangelina,778335345624555521,1
504,,ixizxii,Ø§Ù†Ø§ Ø¨Ø§Ù„Ù„ÙŠÙ„Ø© Ø²ÙˆØ§Ø¬ÙŠ ğŸƒğŸ¼ https://t.co/JGCanBLdLe,778335345683333124,0
505,,laborpolitics,the next trip I make is going to be for this https://t.co/zVn0VCXax4,778335347017146370,0
506,,SuPraOnMyMind,"#Brangelina broke up ? 
*sigh* ğŸ’”",778335347721723904,0
507,,wocshahi,....they're both still alive. https://t.co/js6UQoTz8u,778335347231092736,0
508,,Enkriptada,"""Si Jennifer Aniston superÃ³ a Brad Pitt, como tu no vas a superar al feo de tu ex"" ğŸ˜¹ğŸ˜¹ğŸ˜¹ #frasesdefacebook #Brangelina",778335350481620992,0
509,,abbyisobelx,ğŸ˜£ #Brangelina https://t.co/Zrr0wd4fZD,778335354990526466,0
510,,LilaGonsalves,Rip #brangelina,778335356596912131,1
511,,infin8graphics1,#Brangelina I am here for your #marriage. According to my notes I already have your souls. #grimreaper  https://t.co/wUS2bCShxO,778335359029477378,0
512,,FlappingTrump,#FreeGilinsky #Limite2GH17 #topmodel #Ø­Ø§Ø¬Ù‡_Ù…ØµØ¨Ø±ØªÙƒ_Ø¹Ø§Ù„Ø¯ÙˆØ§Ù… #ErdoganVoiceofTheOppressed #Brangelina https://t.co/cbSHoHRDqo,778335359533015041,0
513,,YOYOPRESS,"El matrimonio mÃ¡s querido de Hollywood tiene su final, Angelina Jolie y Brad Pitt se separan https://t.co/Q9PqCcwaly #Brangelina",778335360174743552,1
514,,hugocge,"Porque tÃº, solo tÃº, te reirÃ­as de este chiste @paoouw !... #MartesDeTuitsAMano #Batman #Brangelina #chistecorto https://t.co/5XCbIrD0wH",778335362280062976,0
515,,Tj_roy85,Sorry for them getting a divorce but this was jokes... #brangelina https://t.co/S29hcFnIQF,778335364947779584,0
516,,keahipokeeee,Someone help! Is this real!? If it is then my life is over and I don't believe in love anymoreğŸ’” https://t.co/55WQIDFliu,778335366830927872,0
517,,lacie2113,Cheaters gon' cheat. #Brangelina,778335366755516418,1
518,,BrenDee85,lol...BradğŸ˜‚ğŸ˜‚ğŸ˜‚ https://t.co/rACrYMT4E6,778335369439875072,0
519,,smith_millen,"Well, I guess there's no reason for me to try and believe in love...
#Brangelina",778335370224230401,1
520,,Princeara3,"GET 61 FOLLOWERS EVERYHOURâœhttps://t.co/rqdqqRPs90
#TernanaBari
#Brangelina
#Briatore
#VFNO2016
#takemeout
#CERESFASHION
#dimartedi",778335373969661953,0
521,,derycktodd,RIP #brangelina â˜  @iamthepjc @ Graveyard https://t.co/Y2yJwNMqkk,778335373588041729,1
522,,abbeemcadams,Jennifer Aniston lookin at the #brangelina hashtag https://t.co/xiIwz2QV2q,778335373839765505,1
523,,piassintk,"à¹€à¸”à¸µà¹‹à¸¢à¸§à¹†à¹†à¹† à¹€à¸”à¸µà¹‹à¸¢à¸§à¸à¹Šà¸­à¸™à¸™à¸™à¸™à¸™à¸™
à¸™à¸µà¹ˆà¸à¹‡à¹€à¸¥à¹ˆà¸™à¸à¸±à¸šà¹€à¸‚à¸²à¸«à¸£à¹Šà¸­à¸­à¸­à¸­à¸­à¸­à¸­à¸­à¸­à¸­à¸­à¸­ à¸­à¸´à¹à¸­à¸„à¹€à¸¡à¸à¸²à¸²à¸²à¸²à¸²à¸²à¸² &gt;///&lt;
#à¸šà¸²à¹€à¸¢à¸´à¸£à¹Œà¸™à¹€à¸›à¹‡à¸™à¹à¸­à¸„à¸•à¸¥à¸ à¹€à¸£à¸·à¹ˆà¸­à¸‡à¸à¸²à¸£à¸Ÿà¹‰à¸­à¸‡à¸«à¸¢à¹ˆâ€¦ https://t.co/siLPCcd1AI",778335379766190081,0
524,,GiovannaCarbone,Soy team #AngelinaJolie mujer muy altruista.EstÃ¡ enferma se le nota.Por eso se acabÃ³ #Brangelina.Esos memes de #JenniferAniston son ilÃ³gicos,778335380990988293,0
525,,yeter_okey,Derdimize bak abv https://t.co/98KUWrELPd,778335380810629120,0
526,,NonvegJain,"As Rachel Green's mom once said, ""once a cheater, always a cheater"" #Brangelina",778335384275001344,0
527,,NiccolleEduarda,Por fin! el Ãºnico tweet coherente!! https://t.co/sejoL0kdog,778335384908472341,0
528,,JaigEyes66,This https://t.co/gwu1moAQe7,778335385306882048,0
529,,AyaAlAli_,ğŸ˜‚ğŸ˜‚ğŸ˜‚ https://t.co/r5wOiUpmmj,778335387588714496,0
530,,iAsomZ,Ø¬ÙŠÙ†ÙŠÙØ± Ù„ÙˆØ¨ÙŠØ² Ù…Ø³ØªØ§Ù†Ø³Ù‡ Ø§Ù„Ø­ÙŠÙ† ğŸ˜‚ #Brangelina https://t.co/HIn3becvAh,778335388205256704,0
531,,BiebsRourou,But is it official? Is it a divorce or a se pertain? Because there might be some hope...  #Brangelina,778335389568335872,0
532,,DemsNali,Vera ship della vita #Brangelina https://t.co/O02iJ0tn3I,778335388490469378,1
533,,imagejennation,"Oh! So to sleep with Brad Pitt, one only needs to star in an action film with him while he's married... got it. #brangelina",778335391707389956,1
534,,xcohibidax,"@zaynashero veo esto y pienso en tus tuits, espero q te reconforte o a lo mejor te da igualğŸ˜‚ https://t.co/r3FyMSEGGf",778335391292203008,0
535,,YourBigSky,How many children do Brad and Angelina have? #Brangelina https://t.co/fIWlcQUsfx https://t.co/kb3ANcBLmm,778335396388306944,0
536,,goesandgoes,Son geniales todos los nenes de Jennifer Aniston #teamjenni #brangelina https://t.co/bODIJAuJT9,778335396715520000,0
537,,BryanmusicMW,Had to just watch Mr. And Mrs Smith to have a big laugh about #brangelina,778335398888169473,1
538,,realstellmaris,Rip #Brangelina,778335399626346500,1
539,,RoseTintedPages,Social media is tooooo funny when shit like this happens #brangelina,778335400502984704,0
540,,ariel_gamarra,Jajajajaja https://t.co/6WFpLjItCK,778335345293271040,0
541,,snarkbox,"So many sexist, patriarchal, non-vegan, microagressive tweets about #JenniferAniston and #brangelina  @SummerNazif",778335407410933760,0
542,,NoFreeSpeech69,"#TerenceCrutcher executed by white cop
#ColinKaepernick receives death threats

White MSM leads with #Brangelina divorce bullshit however",778335408715337728,0
543,,trackdmusic,"Sad about #brangelina ? We wanna hear your tear-jerkers, ballads, and breakup tunes... https://t.co/1jwwu1GIrF",778335409101238273,0
544,,McGuireski,@TheChirpNetwork Let's all get over #brangelina ğŸ’” by putting our other favourite comedy double act @TrevandSimon in the @GBBO tent @Channel4,778335411101896704,0
545,,adrianberher,Â¡No puedo mÃ¡s de la risa! Basta con los memes y el tren del mame con #JenniferAniston y #Brangelina,778335417007341569,1
546,,drvnkstyIes,"Io:
 #Brangelina https://t.co/VMVBVizb3Y",778335417015951364,0
547,,angelbesmano,https://t.co/kAuymbbP7q,778335422099230720,0
548,,maiarosehall_x,I actually feel like crying https://t.co/0mtixOHlQH,778335422585966593,0
549,,somestarstuff,oh shit https://t.co/wEibHRqf34,778335423961583616,0
550,,historyislandx,are they getting a divorce ? Wait what #Brangelina,778335426088144900,0
551,,vanetherrr,BIGGEST SHOCK OF MY LIFE #Brangelina,778335427816218625,0
552,,FernandexGema,PensÃ© que era TT porque estaba Guerra Mundial Z en Telecinco y ahora resulta que es por que han roto. Mi cora. ğŸ’” #Brangelina,778335428390817792,0
553,,Maticopalquelee,@Claudiooesteban https://t.co/18OtmjtnP6,778335429745573888,0
554,,justbeauty18,Buhat sona ara hai. #Brangelina,778335432761184256,0
555,"[-6.902598, 107.59743]",EnggarJKT48,"6.  Azpi
7.  Origi
8.  #LiveBolanet
9.  Begovic
10. #Brangelina

2016/9/20 03:50 WIB #trn0de",778335434346795008,1
556,,MimiCimm,"Ci rimanete solo voi, su le mani per il #teamCostanzo. #Brangelexit #brangelina https://t.co/dZqxI8PNsL",778335432849383424,0
557,,KFPAw,"Ø§ÙˆÙ„ Ù¡Ù  ÙŠØ¶ÙŠÙÙˆÙ†Ù‡ Ù„Ù‡Ù… Ø§ÙŠÙÙˆÙ† Ù§
Ø§Ø¶ØºØ· Ø¹Ù„Ù‰ Ø§Ù„Ø±Ø§Ø¨Ø· u
https://t.co/EZ5zlSERGR

 #Ø®Ø·Ø§Ø¨_Ù‚Ø·Ø±_Ù„Ù„Ø¹Ø§Ù„Ù… #Brangelina #Ø§Ø³Ø±Ø§ÙŠÙŠÙ„ #Ø¨Ø´Ø§Ø±_Ø§Ù„Ø§Ø³Ø¯ #UNGA",778335434132877312,1
558,,Sartorius_qu33n,when I open twitter and... #brangelina https://t.co/wscom0VkxV,778335434661302272,0
559,,usweekly,See photos from #Brangelina's last red carpet together: https://t.co/Io6l3gHSfO https://t.co/ciZyV9r0Mg,778335434686464000,1
560,,TomiObaro,.@annehelen so smart (and so fast!) on the end of #brangelina  https://t.co/1EGMS5mR3l,778335435407908864,0
561,,inebrxnlable,hein koiiii #Brangelina,778335435747721216,1
562,,TabithaFitzhenr,#brangelina #BrexPitt #brangelinadivorce https://t.co/s7NKUUF8QH,778335433939910656,0
563,,norazorrilla1,"GET FREE 53 FOLLOWERSâœhttps://t.co/59T8PCOQLd
#kbhpol
Aarhus
New York
#gamedev
#Brangelina
Valencia
#Arctic
#sundhed",778335436909359104,0
564,,itsmekima,Dont ğŸ˜¢ https://t.co/4zPYzq8AVj,778335437299470337,0
565,,trendingtopicuk,brangelina is nr.8 trending hashtag in UK in last 2 hours. https://t.co/XHa4gErrrT #brangelina,778335438708826112,0
566,,TheLondonBird,"Forget #Brangelina
THIS story is the REAL story - #Aleppo

Complete disregard for #ThePoorInnocents

Ethics must beâ€¦ https://t.co/rm5ZCQ0hRB",778335441246453763,0
567,,newjobsinkeny_,Hospitality Mechanical Engineer Job. Corporate Staffing Services  #Brangelina  https://t.co/aTUW2xbMMR,778335444450811904,1
568,,illiterich,"For years we dismissed ""In Touch Weekly."" Laughed at it even. But it was trying to warn us. To prepare us. We should've listened #Brangelina",778335445667110912,1
569,,Chinneh18,What the actual....ğŸ˜­ğŸ˜­ğŸ˜­ O used to think #Brangelina was the perfect couple...Goals and all. Guess forever really is inexistent kn this worldğŸ˜,778335446153596928,1
570,,kimbearx,#brangelina they were my faves. what a shame but once again true love doesnt exist,778335446245879808,0
571,,BeRaschke,"Schnell nochmal #brangelina sagen - um gut informiert zu wirken!
#BrangelinaBreakup 
#Brangelexit",778335447168741376,0
572,,sashamarcano_,LMAO https://t.co/Er0OCdONtK,778335447403597824,0
573,,_MyLoneliness,ainda nÃ£o acreditando que #Brangelina  acabou,778335449253310464,1
574,,ValSchnian,"Noch mehr als die #Brangelina-Trennung schockt mich, dass Brad Pitt 52 Jahre alt ist.",778335449806929920,1
575,,parkjimink,passadissima https://t.co/csRPpI9Aq0,778335450092240898,0
576,,ajaygolmamalgob,Revealed: The #court #papers that #confirm #Brangelina's #divorce https://t.co/lDhdBIhCr7 via @MetroUK,778335453783158784,1
577,,jamesadriangp,whoever JLo is with HAHAHAHAHAHA https://t.co/BvQCfsGFZF,778335454680666113,0
578,,LeatherMega,"COSTUME N JACKET
VIEW: https://t.co/Jq947CbUMx

#Brangelina #TrumpACandy #FreeGilinsky #TerenceCruthcher Jennifer Aâ€¦ https://t.co/7dSeSN1dMy",778335453032448000,0
579,,telenoticias7,Brad Pitt: â€œLo que importa es el bienestar de nuestro hijosâ€ #Brangelina https://t.co/ak7uqa640I https://t.co/NPuwu8nAt1,778335453548253185,1
580,,BigMikeySmallz,Yep... exactly! https://t.co/9gmftfcxWH,778335456526159872,0
581,,weird4,Oh...#Brangelina is no more? https://t.co/FUjHrYnFaN,778335455867658240,0
582,,Yola_MKP,#Brangelina Se divorcia... https://t.co/6lpfEsKkY1,778335457998311424,0
583,,22Words,"Big news in Hollywood! #Brangelina

https://t.co/I1LzHNJxWb https://t.co/KSRWXsgxBJ",778335459168714756,0
584,,jillausan,ğŸ’” https://t.co/Aun3qFv9SC,778335459986460672,0
585,,Unique_Insulter,Are they gonna share the football team they call their children? #Brangelina,778335461416833024,1
586,,TwistedTink23,#RIP #Brangelina 2004-2016,778335461362327552,1
587,,CadinePillay,"Damn, Angelina Jolie even wrecked her own home! #brangelinadivorce #BrexPitt #brangelina #HomewreckersGonnaWreck",778335463555883008,0
588,,FrancesYmg,Yo si sufrÃ­ con la noticia ğŸ˜ªğŸ˜©ğŸ˜¢ğŸ˜¢ğŸ˜¢ #Brangelina https://t.co/Qz5ZdC0Osj,778335463991971840,0
589,,Salay_Vilavert,Me quiero morir https://t.co/Auty2rpOhx,778335463946027008,0
590,,FrancesYmg,Jennifer Aniston en estos momentos #Brangelina https://t.co/dbQYjBMZqR,778335463710990336,0
591,,SenjuSprinkler,one of the major reasons why #Brangelina broke up is because of #karma. #nocheaters https://t.co/k7Q3JsryU2,778335465652883456,0
592,,divadeeelite,break up of #brangelina is headline newsğŸ˜’ğŸ˜’ğŸ˜’ğŸ˜’. Keep questioning why #Kaepernick started kneeling. #TeranceCrutcher #digusted #sickofthisshit,778335467620208640,1
593,,ajaygolmamalgob,Revealed: The #court #papers that #confirm #Brangelina's #divorce https://t.co/m8uV8r2C8V via @MetroUK,778335468329037824,1
594,,hvbabywilltrvl,I'm still Team #Brangelina :( https://t.co/yNVcqKrQOj,778335469927006208,1
595,,rebeccalozowsky,When I heard about #brangelina https://t.co/m8KeLvUsij,778335470715543552,0
596,,FattyMaggot,Yeah Brad is back on the market. Yeah Yeah Yeah Angelina is available.  #Brangelina,778335471931953152,1
597,,magazinespain,#BombazoğŸ’¥   Brad Pitt y Angelina Jolie se divorcian ğŸ’”  https://t.co/XK5i4DfQx6 #brangelina https://t.co/RWKTGHhLtf,778335470556180480,1
598,,AjinkyaForYou,"Angelina Jolie files for divorce from Brad Pitt !?!? No more #Brangelina  ğŸ˜
Even if you are Brad Pitt, you are still not good enough  ğŸ˜© ğŸ˜© ğŸ˜©",778335473034854400,1
599,,ZARQAA1139,"@markoonyyt 
Abu Omer Al-Korayshy 
@markoonyyt 
Abu Omer Al-Korayshy https://t.co/lUyKv94mcA",778335472930004992,0
600,,WomensHumor,"Oh, you mean a guy that cheated on his first wife ALSO cheated on his second wife? How groundbreaking. #Brangelina",778335473680916482,0
601,,XtinaFighter_1,LOL Like Jennifer Aniston was sitting there for 12years waiting for #Brangelina to break up! She's moved on a LONG time ago! You should too!,778335474402332674,1
602,,lamarikosin,No maaaaa! EstÃ¡n bien idiota pero muy bueno!!! https://t.co/3tEFK5dvHI,778335474989404160,0
603,,AnaMariaMorae13,NÃ£o acredito mais no amor ğŸ’”#Brangelina,778335476696612864,1
604,,Agnieszka_Hull,Team Jennifer! ğŸ˜‰ https://t.co/wXeN7qW7gg,778335479074881537,0
605,,TrendTopicsUSA,"Birmingham 
1 #Brangelina
2 #TerenceCrutcher
3 #alpolitics
4 Bears
5 Gus Malzahn
6 #QueenOfKatweEvent https://t.co/4WXs3kU7dY",778335478667894784,0
606,,wherespperry,SÃ©rio to bem triste com o fim de #brangelina porÃ©m sempre fui #TeamJennifer entaaao,778335480815480835,0
607,,MayHatem98,I swear I was more emotional about Vin diesel and Paul Walker friendship when Paul passed away more Brad and Angelina divorcing  #Brangelina,778335484959391745,1
608,,CNNMex,Las pelÃ­culas mÃ¡s taquilleras de #Brangelina https://t.co/3eqDJlYXIM,778335485265674244,1
609,,maizzl,"""Angelina Jolie files for divorce from Brad Pitt"" #Brangelina https://t.co/KhH9K87wXe",778335484871217156,1
610,,diegogosf,"Si #Brangelina ya no existe, ya no se en que creer ğŸ˜¢",778335487090003968,1
611,,trina52,"Thank you Mr Doyle! 

#brangelina #roddydoyle https://t.co/FVsxIdwgG7",778335486662283268,0
612,,lohaanda,i'm actually so sad about this https://t.co/kE8r793KTo,778335488281284609,0
613,,jamtarts15,#brangelina #brangelinadivorce #skewedpriorities https://t.co/E3cAa1wIiS,778335487648002050,0
614,,vM_Nemoh,"I JUST GET 91 FOLLOWERSâœhttps://t.co/WarSHNjoD5
Sierra
#FreeGilinsky
#TerenceCruthcher
#Brangelina
Wolfsburg",778335491376631809,0
615,,sunsetgl0w,sigo llorando #Brangelina,778335498565722113,1
616,,meliszaicev82,"8qh
#Ø¯ÙŠÙÙŠØ¯_Ù„ÙˆÙŠØ²
#Brangelina
#Ø§Ù„Ø¬ÙˆØ§Ø¯_Ø§Ù„Ø§Ø¯Ù‡Ù…_ÙˆØ´_Ù„ÙˆÙ†_Ø³ÙŠØ§Ø±ØªÙƒ https://t.co/oI3W4ykdNk",778335499819909120,0
617,,SweetJnKook,"AÃ­ gente dps dessa eu desisto de namorar, casar, ter filhos....  #Brangelina https://t.co/mn17GY8qWW",778335500495192064,0
618,,feersalinas1,#Brangelina ğŸ˜ª,778335501694537728,1
619,,loveterly,That just proves everything comes back around . #Brangelina,778335502600589312,1
620,,Dinamico_7,#Debates2016 #Brangelexit #brangelina https://t.co/izrjhFgjUX,778335501652819968,0
621,,eusebiojen24,"Kakauwi lng tpos TL ko puro #Brangelina divorce...ang sad nman ğŸ’”ğŸ˜­
MaiChard na lng ang last chance ko pra s FOREVERğŸ™

#ALDUBExemplarsOfLove",778335503825285120,0
622,,kareninauckland,I couldn't resist... https://t.co/uJhCaZ5JP2,778335503946878976,0
623,,babymamba__,MDS DO CÃ‰U COMO ASSIM #Brangelina TÃ ACABADO? OQ? CANCELA 2016 AGR NÃƒO QUERO MAIS,778335504446226432,0
624,,svdozmn,#brangelinadivorce #brangelina https://t.co/LEqDhlD8XT,778335503615684608,0
625,,RickyAppleseed,When you hear that #Brangelina are divorcing ... https://t.co/8wGKl8r1pf,778335504618192897,0
626,,Flah_almasoody,#Yemen   #Brangelina https://t.co/5GF6TbpATI,778335506748805122,1
627,,LanaDelSlayxo,You have to be the fucking dumbest person to exist to cheat on Angelina Jolie #Brangelina https://t.co/LPQYKZ4h7R,778335512218263552,1
628,,_aimeeemb,Even the earth is shook by this news ğŸ˜¥ https://t.co/9ES3lUqMEo,778335514692771840,0
629,,placerdelsaber,Cuando te enteras que a tu ex lo dejÃ³ su novia #Brangelina #SorryNotSorry https://t.co/82hnKl1DBZ,778335514315202560,0
630,,janahi3_,ğŸ˜¢ğŸ˜¢ https://t.co/iHZAEiJ5Bk,778335514999001092,0
631,,VigilanteArtist,@elnuevoherald #Brangelina Es mia â™¥ !!!!!!! https://t.co/HIu8CwVq3I,778335516127272960,0
632,,bramfilter,"Goodbye #brangelina, hello #bramgelina, amirite?!?! No? OK, I'll see myself out...",778335517473734656,1
633,,Perooon15,NÃƒO TÃ” ACREDITANDO #Brangelina,778335520606810112,0
634,,isabelle0025,ğŸ˜¯ #Brangelina,778335520652947456,1
635,,hoplesspolaroid,Lo que eran Jennifer Aniston y Brad Pitt no se compara con lo que era #Brangelina. https://t.co/sOFzY8ZG0q,778335522120839168,1
636,,Mr_VivaYolo,Las pelÃ­culas mÃ¡s taquilleras de #Brangelina https://t.co/Z0ArwiIKZe,778335523148537858,1
637,,GulliFederico,"Solo a me non frega un cazzo?
#Brangelina https://t.co/Xw5iYt9iu0",778335525157699584,0
638,,LivelyMissLogic,@MyzzCryz Its going crazy! And I actually like J.lo we have the same bday &amp; her relationships are seasonal like mine!! LMAOO #Brangelina,778335529540591617,0
639,,Iaciofano92,Jennifer Aniston like... #Brangelina https://t.co/MhgCW8Hsus,778335529993658368,0
640,,nunomaay,ğŸ’” https://t.co/toLaoODThf,778335532484919296,0
641,,RealDevinParker,"#Brangelina split up?! That means I can finally be with Brad Pitt! I mean, Angelina Jolie. Forget everything I'm saying.",778335533281910784,1
642,,LaRecrue,"La rÃ©action de ma mÃ¨re Ã  #Brangelina : ""C'est pas BeyoncÃ©, c'est pas Clooney... le reste on s'en fout"" https://t.co/5CjSRPUZRu",778335534435409920,0
643,,yasserqs,#Brangelina Ù…Ø¯Ø§ÙŠØ± Ù„ÙŠÙ‡Ù… Ø§Ù„Ø¯ÙŠØ§Ø±,778335539086983169,0
644,,lordmilomilo,#JenniferAniston consolando a #AngelinaJolie neta que Brad se la mama! #Brangelina #TodosSomosAngelinaâ€¦ https://t.co/5oc7FKijdg,778335539321643009,1
645,,jackieperez2012,"Jennifer Aniston left a message on Angelina Jolie's voicemail saying ""ha, ha"" #brangelinadivorce #BrexPitt #Brangelexit #Brangelina",778335539938418692,0
646,,Doreenique,"Wtf does that even mean?  Psychological manure, use language that ppl understand, https://t.co/7Syk2olpYC",778335542366711808,0
647,,thezeta1999,Definitely in tears https://t.co/S4IPiYymTV,778335544132657153,0
648,,mendesliving,Se i #Brangelina aka ship della vita stanno divorziando posso iniziare a prendere i gatti con cui convivrÃ².,778335545831424000,1
649,,xo_amanda03,I'm going to just need a moment to let this all sink in about #Brangelina ğŸ˜­,778335548800798720,1
650,,TerryDeFelice,"Angelina e Brad si sono lasciati ?!
e chi glielo dice alla D'Urso che non lo puÃ² raccontare ???? #Brangelina",778335549333598208,1
651,,avdorestyles94,Altro che  #Brangelina qua ci sono i #marcloryğŸ˜‚ğŸ˜‚ğŸ˜‚ğŸ˜‚ https://t.co/xaORmv3jQz,778335548482154496,0
652,,CandedeBrito,Lloro https://t.co/B0z46ZacRA,778335552101871616,0
653,,ludik06,Bien vu ! https://t.co/5l768zOBaB,778335557692821504,0
654,,OndaNelCielo,"E come direbbe Checco: ""Madre perdonili, perchÃ© loro non sanno quello che fanno"".
Vi devo mettere i diti per il dispiacere?
#Brangelina",778335557931892737,0
655,,Melissa_Overman,Well there's something I wasn't expecting to wake up to this morning! #Brangelina https://t.co/I0anyhYabF,778335562348453889,0
656,,agustiinoo,SÃ³lo dejarÃ© esto por aquÃ­ #Brangelina https://t.co/Cwgq7oFmuL,778335561329160192,0
657,,ChrissyMark89,ğŸ˜‚ğŸ˜‚ğŸ˜‚ğŸ˜‚ğŸ˜‚ https://t.co/ZaN5kGah8n,778335565364297729,0
658,,TonyJStenhouse,"I bet Brad Pitt is already blocking Sinitta's calls.

#Brangelina #3rdWheel",778335569441132544,1
